0,21,40,63,76,87,106,119,132,151,164,187,200,213,228,251,266,279,298,307,322,337,350,371,390,409,422,437,454,465,482,503,518,539,558,579,596,613,632,651,666,681,702,715,732,749,768,781,796,815,840,855,862,885,894,909,934,953,984,1001,1016,1029,1052,1065,1080,1089,1104,1117,1128,1151,1178,1191,1212,1231,1248,1271,1282,1301,1314,1331,1350,1363,1380,1387,1410,1427,1450,1465,1480,1497,1508,1527,1542,1555,1574,1591,1606,1623,1640,1657
0.0,75.0,147.0,250.0,126.0,124.0,212.0,111.0,235.0,215.0,149.0,167.0,289.0,87.0,29.0,105.0,181.0,109.0,227.0,73.0,74.0,58.0,18.0,44.0,129.0,222.0,23.0,50.0,176.0,258.0,189.0,107.0,89.0,120.0,135.0,149.0,166.0,95.0,71.0,107.0,147.0,256.0,135.0,121.0,218.0,165.0,88.0,35.0,48.0,219.0,106.0,133.0,137.0,135.0,71.0,148.0,213.0,181.0,288.0,105.0,194.0,87.0,248.0,105.0,185.0,248.0,96.0,125.0,202.0,85.0,186.0,45.0,67.0,161.0,73.0,87.0,245.0,108.0,103.0,69.0,188.0,219.0,127.0,110.0,100.0,218.0,59.0,206.0,132.0,199.0,48.0,167.0,225.0,48.0,224.0,205.0,140.0,226.0,253.0,176.0
75.0,0.0,159.0,281.0,262.0,91.0,321.0,246.0,218.0,191.0,153.0,241.0,315.0,114.0,104.0,134.0,166.0,101.0,261.0,160.0,199.0,163.0,74.0,150.0,134.0,178.0,226.0,167.0,73.0,231.0,155.0,304.0,99.0,136.0,199.0,61.0,167.0,101.0,51.0,209.0,113.0,164.0,383.0,178.0,101.0,82.0,163.0,198.0,163.0,125.0,85.0,298.0,93.0,156.0,105.0,74.0,129.0,79.0,170.0,167.0,397.0,153.0,149.0,209.0,142.0,312.0,276.0,350.0,221.0,75.0,166.0,94.0,194.0,189.0,97.0,266.0,306.0,182.0,174.0,107.0,372.0,239.0,157.0,76.0,120.0,76.0,296.0,238.0,114.0,208.0,114.0,121.0,26.0,56.0,76.0,159.0,232.0,226.0,350.0,200.0
147.0,159.0,0.0,196.0,236.0,144.0,204.0,353.0,221.0,295.0,247.0,175.0,298.0,243.0,173.0,92.0,272.0,83.0,338.0,112.0,220.0,180.0,83.0,165.0,219.0,211.0,163.0,135.0,164.0,222.0,184.0,191.0,51.0,163.0,183.0,216.0,151.0,15.0,133.0,246.0,153.0,193.0,244.0,138.0,60.0,132.0,265.0,133.0,135.0,138.0,223.0,264.0,160.0,248.0,145.0,194.0,152.0,167.0,313.0,220.0,276.0,111.0,242.0,186.0,303.0,277.0,120.0,285.0,247.0,58.0,132.0,114.0,170.0,190.0,146.0,186.0,205.0,206.0,187.0,96.0,369.0,159.0,219.0,48.0,162.0,96.0,159.0,233.0,197.0,275.0,150.0,171.0,192.0,45.0,183.0,238.0,175.0,222.0,129.0,176.0
250.0,281.0,196.0,0.0,175.0,157.0,0.0,268.0,34.0,365.0,176.0,75.0,139.0,202.0,167.0,141.0,176.0,180.0,134.0,138.0,172.0,151.0,125.0,278.0,211.0,48.0,246.0,165.0,162.0,170.0,217.0,197.0,224.0,149.0,208.0,168.0,111.0,124.0,207.0,183.0,196.0,143.0,218.0,193.0,136.0,36.0,277.0,202.0,267.0,96.0,169.0,91.0,167.0,86.0,135.0,147.0,206.0,186.0,327.0,159.0,204.0,203.0,70.0,287.0,196.0,254.0,314.0,79.0,102.0,160.0,194.0,280.0,111.0,315.0,161.0,146.0,127.0,270.0,119.0,201.0,173.0,13.0,159.0,204.0,127.0,174.0,287.0,252.0,188.0,250.0,113.0,109.0,164.0,204.0,128.0,199.0,47.0,209.0,152.0,10.0
126.0,262.0,236.0,175.0,0.0,63.0,176.0,234.0,207.0,112.0,319.0,115.0,206.0,134.0,193.0,95.0,27.0,291.0,121.0,49.0,132.0,108.0,157.0,90.0,79.0,179.0,27.0,263.0,287.0,301.0,128.0,143.0,192.0,200.0,259.0,101.0,67.0,134.0,151.0,214.0,176.0,164.0,143.0,46.0,244.0,197.0,196.0,96.0,271.0,277.0,126.0,124.0,111.0,154.0,49.0,314.0,196.0,240.0,122.0,7.0,218.0,116.0,236.0,221.0,59.0,132.0,165.0,226.0,130.0,217.0,158.0,122.0,214.0,139.0,154.0,178.0,192.0,77.0,182.0,184.0,140.0,220.0,216.0,157.0,67.0,136.0,158.0,172.0,129.0,209.0,176.0,195.0,179.0,159.0,152.0,290.0,156.0,213.0,250.0,167.0
124.0,91.0,144.0,157.0,63.0,0.0,123.0,295.0,205.0,188.0,226.0,59.0,260.0,217.0,170.0,86.0,106.0,187.0,193.0,93.0,126.0,139.0,148.0,89.0,115.0,88.0,89.0,242.0,137.0,281.0,67.0,231.0,190.0,264.0,256.0,77.0,0.0,80.0,175.0,230.0,146.0,215.0,220.0,78.0,163.0,137.0,183.0,124.0,195.0,256.0,114.0,79.0,91.0,224.0,97.0,233.0,172.0,179.0,199.0,56.0,286.0,91.0,65.0,293.0,100.0,227.0,186.0,245.0,117.0,164.0,195.0,145.0,180.0,169.0,159.0,227.0,145.0,118.0,280.0,175.0,220.0,141.0,251.0,92.0,13.0,102.0,188.0,205.0,264.0,259.0,62.0,65.0,93.0,132.0,166.0,298.0,163.0,218.0,280.0,94.0
212.0,321.0,204.0,0.0,176.0,123.0,0.0,226.0,69.0,271.0,223.0,133.0,151.0,152.0,149.0,119.0,147.0,190.0,86.0,101.0,167.0,91.0,148.0,232.0,179.0,56.0,202.0,109.0,137.0,165.0,166.0,199.0,210.0,144.0,176.0,106.0,128.0,119.0,209.0,144.0,257.0,158.0,200.0,141.0,146.0,21.0,285.0,202.0,238.0,104.0,52.0,91.0,145.0,23.0,99.0,157.0,186.0,189.0,279.0,143.0,216.0,199.0,70.0,217.0,78.0,286.0,356.0,137.0,88.0,166.0,153.0,236.0,71.0,383.0,148.0,100.0,137.0,228.0,73.0,217.0,185.0,6.0,83.0,201.0,215.0,157.0,265.0,216.0,135.0,301.0,119.0,69.0,145.0,119.0,113.0,213.0,94.0,184.0,123.0,2.0
111.0,246.0,353.0,268.0,234.0,295.0,226.0,0.0,178.0,54.0,166.0,315.0,213.0,150.0,158.0,217.0,71.0,267.0,83.0,239.0,138.0,89.0,129.0,166.0,157.0,143.0,200.0,172.0,136.0,149.0,141.0,67.0,238.0,208.0,56.0,88.0,253.0,250.0,142.0,37.0,267.0,236.0,27.0,301.0,288.0,89.0,93.0,169.0,147.0,188.0,47.0,91.0,231.0,21.0,167.0,123.0,208.0,218.0,157.0,233.0,212.0,228.0,283.0,167.0,130.0,140.0,272.0,118.0,198.0,173.0,143.0,187.0,78.0,191.0,212.0,193.0,222.0,182.0,31.0,195.0,182.0,173.0,120.0,240.0,344.0,203.0,103.0,276.0,110.0,32.0,206.0,217.0,268.0,279.0,127.0,128.0,137.0,214.0,313.0,250.0
235.0,218.0,221.0,34.0,207.0,205.0,69.0,178.0,0.0,224.0,248.0,88.0,169.0,306.0,310.0,204.0,185.0,236.0,133.0,172.0,211.0,230.0,156.0,303.0,290.0,98.0,291.0,184.0,94.0,207.0,196.0,74.0,259.0,195.0,111.0,253.0,196.0,125.0,200.0,184.0,290.0,243.0,169.0,232.0,132.0,107.0,295.0,211.0,203.0,123.0,186.0,36.0,91.0,150.0,159.0,187.0,216.0,173.0,271.0,180.0,116.0,182.0,110.0,180.0,243.0,224.0,135.0,77.0,167.0,196.0,265.0,276.0,143.0,266.0,256.0,87.0,132.0,273.0,53.0,204.0,185.0,41.0,214.0,136.0,105.0,172.0,234.0,345.0,203.0,175.0,178.0,223.0,235.0,167.0,158.0,195.0,116.0,241.0,174.0,94.0
215.0,191.0,295.0,365.0,112.0,188.0,271.0,54.0,224.0,0.0,176.0,269.0,263.0,252.0,211.0,169.0,141.0,150.0,133.0,171.0,167.0,74.0,120.0,203.0,215.0,174.0,133.0,181.0,148.0,178.0,165.0,191.0,230.0,232.0,189.0,175.0,153.0,227.0,200.0,75.0,140.0,190.0,39.0,185.0,258.0,142.0,48.0,189.0,176.0,251.0,141.0,121.0,189.0,209.0,126.0,259.0,229.0,290.0,86.0,189.0,280.0,181.0,282.0,122.0,116.0,134.0,171.0,182.0,196.0,157.0,189.0,133.0,176.0,99.0,173.0,235.0,204.0,43.0,241.0,240.0,269.0,244.0,116.0,167.0,288.0,250.0,89.0,269.0,191.0,56.0,232.0,196.0,191.0,208.0,157.0,104.0,214.0,186.0,291.0,182.0
149.0,153.0,247.0,176.0,319.0,226.0,223.0,166.0,248.0,176.0,0.0,250.0,230.0,130.0,142.0,242.0,202.0,122.0,229.0,249.0,210.0,176.0,145.0,178.0,169.0,154.0,242.0,81.0,67.0,139.0,158.0,153.0,165.0,219.0,86.0,59.0,223.0,143.0,102.0,140.0,253.0,150.0,184.0,301.0,157.0,65.0,234.0,240.0,146.0,114.0,48.0,250.0,198.0,80.0,151.0,85.0,231.0,170.0,326.0,220.0,248.0,173.0,190.0,165.0,185.0,208.0,371.0,220.0,198.0,152.0,123.0,159.0,100.0,288.0,185.0,154.0,135.0,261.0,130.0,106.0,291.0,166.0,120.0,141.0,261.0,127.0,152.0,199.0,187.0,156.0,116.0,210.0,97.0,111.0,185.0,92.0,108.0,245.0,209.0,144.0
167.0,241.0,175.0,75.0,115.0,59.0,133.0,315.0,88.0,269.0,250.0,0.0,119.0,220.0,211.0,156.0,100.0,179.0,111.0,109.0,200.0,179.0,263.0,129.0,118.0,48.0,175.0,211.0,106.0,146.0,135.0,217.0,225.0,216.0,222.0,160.0,63.0,120.0,275.0,183.0,289.0,120.0,221.0,126.0,133.0,109.0,307.0,220.0,235.0,135.0,141.0,123.0,105.0,103.0,147.0,151.0,235.0,170.0,261.0,122.0,143.0,158.0,35.0,239.0,119.0,244.0,349.0,194.0,88.0,271.0,258.0,212.0,148.0,340.0,132.0,126.0,141.0,196.0,63.0,279.0,149.0,179.0,209.0,161.0,125.0,105.0,364.0,262.0,221.0,325.0,118.0,76.0,155.0,120.0,125.0,360.0,70.0,112.0,125.0,0.0
289.0,315.0,298.0,139.0,206.0,260.0,151.0,213.0,169.0,263.0,230.0,119.0,0.0,317.0,293.0,228.0,115.0,352.0,111.0,161.0,223.0,207.0,253.0,247.0,204.0,197.0,300.0,293.0,291.0,195.0,172.0,133.0,359.0,307.0,245.0,208.0,240.0,287.0,263.0,259.0,311.0,148.0,78.0,251.0,276.0,230.0,233.0,279.0,375.0,241.0,221.0,89.0,202.0,123.0,173.0,199.0,262.0,214.0,233.0,154.0,119.0,193.0,189.0,324.0,119.0,83.0,247.0,189.0,97.0,299.0,189.0,336.0,219.0,256.0,208.0,195.0,161.0,281.0,71.0,281.0,101.0,236.0,215.0,331.0,150.0,220.0,231.0,245.0,221.0,177.0,292.0,239.0,295.0,436.0,231.0,275.0,115.0,204.0,276.0,141.0
87.0,114.0,243.0,202.0,134.0,217.0,152.0,150.0,306.0,252.0,130.0,220.0,317.0,0.0,143.0,97.0,185.0,266.0,194.0,169.0,120.0,171.0,129.0,56.0,180.0,235.0,55.0,151.0,254.0,316.0,177.0,184.0,123.0,240.0,156.0,74.0,181.0,59.0,62.0,125.0,286.0,191.0,142.0,99.0,270.0,188.0,113.0,107.0,201.0,186.0,168.0,181.0,212.0,154.0,94.0,254.0,288.0,273.0,214.0,145.0,259.0,179.0,311.0,142.0,189.0,187.0,230.0,216.0,144.0,146.0,200.0,79.0,172.0,228.0,192.0,245.0,185.0,103.0,166.0,201.0,239.0,180.0,252.0,258.0,229.0,134.0,160.0,217.0,84.0,190.0,222.0,251.0,286.0,136.0,248.0,162.0,164.0,250.0,323.0,238.0
29.0,104.0,173.0,167.0,193.0,170.0,149.0,158.0,310.0,211.0,142.0,211.0,293.0,143.0,0.0,133.0,188.0,116.0,253.0,156.0,173.0,90.0,72.0,41.0,167.0,140.0,97.0,48.0,139.0,284.0,154.0,154.0,83.0,150.0,91.0,156.0,143.0,114.0,170.0,153.0,217.0,194.0,138.0,131.0,258.0,69.0,91.0,75.0,45.0,217.0,92.0,219.0,215.0,162.0,105.0,72.0,209.0,90.0,206.0,233.0,265.0,63.0,241.0,150.0,207.0,200.0,220.0,165.0,198.0,177.0,249.0,72.0,76.0,193.0,89.0,211.0,65.0,157.0,156.0,169.0,258.0,164.0,217.0,127.0,214.0,125.0,105.0,243.0,117.0,258.0,53.0,92.0,134.0,68.0,193.0,288.0,146.0,274.0,214.0,194.0
105.0,134.0,92.0,141.0,95.0,86.0,119.0,217.0,204.0,169.0,242.0,156.0,228.0,97.0,133.0,0.0,105.0,56.0,159.0,42.0,125.0,67.0,105.0,68.0,102.0,67.0,55.0,118.0,143.0,137.0,23.0,130.0,132.0,213.0,117.0,78.0,43.0,58.0,167.0,178.0,219.0,83.0,109.0,41.0,219.0,130.0,53.0,169.0,78.0,175.0,199.0,212.0,187.0,160.0,35.0,134.0,250.0,210.0,134.0,83.0,267.0,17.0,181.0,190.0,82.0,146.0,213.0,119.0,132.0,173.0,105.0,53.0,117.0,98.0,25.0,211.0,74.0,56.0,176.0,167.0,167.0,196.0,259.0,110.0,147.0,1.0,130.0,162.0,142.0,232.0,152.0,63.0,67.0,56.0,122.0,335.0,180.0,176.0,245.0,71.0
181.0,166.0,272.0,176.0,27.0,106.0,147.0,71.0,185.0,141.0,202.0,100.0,115.0,185.0,188.0,105.0,0.0,206.0,6.0,15.0,137.0,48.0,111.0,153.0,104.0,77.0,131.0,125.0,85.0,250.0,131.0,67.0,189.0,232.0,164.0,93.0,104.0,212.0,147.0,85.0,170.0,195.0,72.0,141.0,307.0,256.0,208.0,200.0,206.0,208.0,164.0,10.0,123.0,9.0,18.0,216.0,261.0,272.0,146.0,60.0,207.0,70.0,71.0,217.0,13.0,101.0,164.0,85.0,143.0,186.0,186.0,154.0,124.0,113.0,120.0,103.0,239.0,20.0,106.0,186.0,102.0,184.0,188.0,175.0,83.0,79.0,192.0,295.0,93.0,73.0,171.0,119.0,151.0,176.0,106.0,214.0,104.0,203.0,332.0,82.0
109.0,101.0,83.0,180.0,291.0,187.0,190.0,267.0,236.0,150.0,122.0,179.0,352.0,266.0,116.0,56.0,206.0,0.0,325.0,162.0,207.0,137.0,61.0,121.0,123.0,189.0,189.0,80.0,181.0,217.0,131.0,250.0,58.0,138.0,140.0,186.0,180.0,100.0,131.0,234.0,71.0,195.0,234.0,94.0,126.0,86.0,182.0,167.0,113.0,153.0,139.0,274.0,160.0,222.0,173.0,196.0,121.0,134.0,221.0,227.0,412.0,78.0,279.0,111.0,258.0,267.0,221.0,276.0,269.0,54.0,59.0,129.0,149.0,69.0,137.0,371.0,179.0,203.0,223.0,131.0,403.0,225.0,263.0,72.0,164.0,86.0,158.0,229.0,185.0,150.0,158.0,144.0,170.0,29.0,146.0,237.0,158.0,196.0,211.0,250.0
227.0,261.0,338.0,134.0,121.0,193.0,86.0,83.0,133.0,133.0,229.0,111.0,111.0,194.0,253.0,159.0,6.0,325.0,0.0,94.0,209.0,146.0,192.0,226.0,170.0,83.0,238.0,143.0,93.0,195.0,126.0,77.0,251.0,211.0,125.0,160.0,167.0,273.0,205.0,77.0,272.0,211.0,50.0,191.0,322.0,156.0,191.0,240.0,252.0,180.0,175.0,2.0,200.0,2.0,113.0,238.0,256.0,278.0,136.0,108.0,194.0,141.0,143.0,192.0,19.0,91.0,253.0,93.0,109.0,225.0,263.0,244.0,140.0,202.0,174.0,104.0,183.0,111.0,95.0,238.0,90.0,145.0,227.0,262.0,172.0,123.0,241.0,271.0,167.0,84.0,242.0,183.0,195.0,290.0,71.0,210.0,119.0,128.0,268.0,91.0
73.0,160.0,112.0,138.0,49.0,93.0,101.0,239.0,172.0,171.0,249.0,109.0,161.0,169.0,156.0,42.0,15.0,162.0,94.0,0.0,161.0,13.0,97.0,32.0,11.0,71.0,108.0,246.0,270.0,164.0,48.0,125.0,139.0,235.0,178.0,65.0,27.0,58.0,94.0,205.0,99.0,57.0,108.0,116.0,214.0,129.0,181.0,98.0,231.0,179.0,173.0,176.0,100.0,92.0,0.0,226.0,201.0,134.0,142.0,29.0,220.0,53.0,187.0,261.0,76.0,114.0,199.0,157.0,101.0,167.0,129.0,108.0,150.0,117.0,131.0,169.0,143.0,86.0,153.0,158.0,146.0,213.0,189.0,137.0,47.0,80.0,175.0,252.0,92.0,201.0,90.0,34.0,179.0,198.0,185.0,249.0,159.0,199.0,284.0,71.0
74.0,199.0,220.0,172.0,132.0,126.0,167.0,138.0,211.0,167.0,210.0,200.0,223.0,120.0,173.0,125.0,137.0,207.0,209.0,161.0,0.0,141.0,151.0,161.0,197.0,200.0,110.0,180.0,179.0,273.0,172.0,237.0,182.0,198.0,164.0,59.0,132.0,56.0,139.0,186.0,311.0,182.0,167.0,153.0,263.0,136.0,193.0,123.0,115.0,194.0,39.0,127.0,141.0,205.0,94.0,133.0,216.0,198.0,191.0,63.0,298.0,226.0,133.0,181.0,126.0,252.0,170.0,147.0,150.0,169.0,111.0,203.0,167.0,219.0,211.0,144.0,194.0,190.0,129.0,224.0,198.0,59.0,124.0,159.0,222.0,150.0,106.0,222.0,77.0,252.0,82.0,256.0,202.0,56.0,195.0,263.0,125.0,265.0,237.0,214.0
58.0,163.0,180.0,151.0,108.0,139.0,91.0,89.0,230.0,74.0,176.0,179.0,207.0,171.0,90.0,67.0,48.0,137.0,146.0,13.0,141.0,0.0,111.0,94.0,52.0,168.0,167.0,128.0,154.0,208.0,127.0,141.0,130.0,108.0,128.0,64.0,163.0,118.0,118.0,112.0,203.0,127.0,81.0,71.0,274.0,77.0,67.0,139.0,84.0,188.0,38.0,182.0,157.0,90.0,4.0,162.0,173.0,154.0,43.0,51.0,269.0,71.0,222.0,206.0,89.0,198.0,214.0,212.0,101.0,110.0,41.0,120.0,175.0,163.0,80.0,185.0,137.0,72.0,121.0,196.0,224.0,114.0,99.0,142.0,158.0,61.0,39.0,248.0,47.0,212.0,105.0,101.0,143.0,121.0,127.0,169.0,119.0,216.0,266.0,183.0
18.0,74.0,83.0,125.0,157.0,148.0,148.0,129.0,156.0,120.0,145.0,263.0,253.0,129.0,72.0,105.0,111.0,61.0,192.0,97.0,151.0,111.0,0.0,50.0,99.0,167.0,53.0,75.0,147.0,107.0,139.0,89.0,26.0,70.0,63.0,78.0,94.0,48.0,0.0,115.0,83.0,140.0,170.0,141.0,177.0,146.0,103.0,38.0,71.0,118.0,130.0,244.0,75.0,135.0,39.0,118.0,146.0,91.0,144.0,149.0,219.0,101.0,253.0,171.0,181.0,123.0,111.0,141.0,207.0,63.0,122.0,13.0,97.0,83.0,68.0,258.0,147.0,121.0,116.0,95.0,214.0,150.0,151.0,84.0,117.0,48.0,143.0,190.0,58.0,141.0,54.0,105.0,139.0,24.0,158.0,160.0,123.0,306.0,220.0,176.0
44.0,150.0,165.0,278.0,90.0,89.0,232.0,166.0,303.0,203.0,178.0,129.0,247.0,56.0,41.0,68.0,153.0,121.0,226.0,32.0,161.0,94.0,50.0,0.0,33.0,223.0,34.0,53.0,188.0,303.0,143.0,106.0,87.0,138.0,174.0,121.0,138.0,103.0,103.0,101.0,139.0,201.0,158.0,98.0,243.0,153.0,119.0,51.0,64.0,217.0,71.0,214.0,170.0,139.0,69.0,166.0,189.0,151.0,151.0,86.0,247.0,64.0,225.0,150.0,139.0,184.0,248.0,182.0,106.0,130.0,201.0,24.0,88.0,128.0,28.0,157.0,253.0,70.0,84.0,155.0,178.0,240.0,177.0,121.0,127.0,119.0,71.0,229.0,70.0,229.0,83.0,139.0,192.0,58.0,214.0,267.0,159.0,225.0,376.0,135.0
129.0,134.0,219.0,211.0,79.0,115.0,179.0,157.0,290.0,215.0,169.0,118.0,204.0,180.0,167.0,102.0,104.0,123.0,170.0,11.0,197.0,52.0,99.0,33.0,0.0,157.0,110.0,180.0,191.0,296.0,125.0,111.0,145.0,243.0,163.0,170.0,128.0,157.0,168.0,164.0,119.0,174.0,140.0,52.0,307.0,172.0,85.0,108.0,140.0,242.0,125.0,177.0,195.0,98.0,52.0,221.0,320.0,193.0,192.0,106.0,287.0,91.0,217.0,249.0,103.0,97.0,188.0,256.0,127.0,110.0,166.0,48.0,167.0,39.0,97.0,227.0,243.0,51.0,218.0,158.0,207.0,253.0,190.0,149.0,110.0,91.0,175.0,341.0,178.0,149.0,138.0,112.0,184.0,184.0,178.0,216.0,175.0,171.0,343.0,125.0
222.0,178.0,211.0,48.0,179.0,88.0,56.0,143.0,98.0,174.0,154.0,48.0,197.0,235.0,140.0,67.0,77.0,189.0,83.0,71.0,200.0,168.0,167.0,223.0,157.0,0.0,190.0,63.0,2.0,83.0,24.0,67.0,168.0,127.0,56.0,146.0,83.0,178.0,294.0,133.0,200.0,92.0,34.0,267.0,229.0,79.0,55.0,246.0,118.0,133.0,180.0,93.0,140.0,90.0,74.0,123.0,196.0,209.0,166.0,178.0,262.0,70.0,36.0,200.0,99.0,133.0,337.0,64.0,185.0,239.0,258.0,222.0,65.0,210.0,79.0,190.0,102.0,143.0,146.0,176.0,173.0,140.0,196.0,196.0,146.0,53.0,138.0,222.0,208.0,154.0,137.0,46.0,55.0,178.0,2.0,371.0,63.0,125.0,198.0,0.0
23.0,226.0,163.0,246.0,27.0,89.0,202.0,200.0,291.0,133.0,242.0,175.0,300.0,55.0,97.0,55.0,131.0,189.0,238.0,108.0,110.0,167.0,53.0,34.0,110.0,190.0,0.0,176.0,321.0,289.0,56.0,125.0,147.0,135.0,114.0,77.0,41.0,28.0,56.0,125.0,117.0,191.0,133.0,86.0,114.0,138.0,161.0,23.0,97.0,249.0,59.0,167.0,103.0,244.0,130.0,195.0,127.0,131.0,156.0,22.0,216.0,118.0,276.0,125.0,128.0,92.0,133.0,143.0,100.0,138.0,246.0,79.0,135.0,87.0,156.0,146.0,167.0,92.0,133.0,133.0,168.0,179.0,240.0,118.0,158.0,140.0,25.0,179.0,128.0,216.0,24.0,151.0,216.0,56.0,283.0,263.0,180.0,196.0,235.0,131.0
50.0,167.0,135.0,165.0,263.0,242.0,109.0,172.0,184.0,181.0,81.0,211.0,293.0,151.0,48.0,118.0,125.0,80.0,143.0,246.0,180.0,128.0,75.0,53.0,180.0,63.0,176.0,0.0,100.0,56.0,115.0,181.0,75.0,54.0,61.0,113.0,191.0,105.0,132.0,44.0,179.0,163.0,160.0,118.0,91.0,14.0,170.0,176.0,128.0,84.0,72.0,192.0,218.0,117.0,181.0,53.0,150.0,105.0,242.0,235.0,224.0,111.0,220.0,59.0,143.0,196.0,325.0,133.0,137.0,136.0,198.0,100.0,0.0,194.0,95.0,174.0,70.0,175.0,86.0,132.0,188.0,129.0,164.0,144.0,306.0,124.0,179.0,258.0,162.0,139.0,126.0,123.0,159.0,53.0,144.0,100.0,118.0,123.0,167.0,133.0
176.0,73.0,164.0,162.0,287.0,137.0,137.0,136.0,94.0,148.0,67.0,106.0,291.0,254.0,139.0,143.0,85.0,181.0,93.0,270.0,179.0,154.0,147.0,188.0,191.0,2.0,321.0,100.0,0.0,120.0,80.0,264.0,180.0,160.0,101.0,133.0,163.0,219.0,219.0,89.0,217.0,257.0,202.0,175.0,160.0,28.0,122.0,290.0,150.0,122.0,83.0,100.0,143.0,144.0,261.0,77.0,152.0,129.0,160.0,252.0,295.0,131.0,80.0,182.0,102.0,293.0,308.0,214.0,169.0,157.0,236.0,206.0,100.0,210.0,171.0,248.0,146.0,176.0,143.0,210.0,240.0,122.0,165.0,113.0,168.0,125.0,292.0,310.0,194.0,132.0,150.0,71.0,77.0,188.0,44.0,157.0,138.0,111.0,283.0,125.0
258.0,231.0,222.0,170.0,301.0,281.0,165.0,149.0,207.0,178.0,139.0,146.0,195.0,316.0,284.0,137.0,250.0,217.0,195.0,164.0,273.0,208.0,107.0,303.0,296.0,83.0,289.0,56.0,120.0,0.0,171.0,77.0,160.0,153.0,60.0,300.0,224.0,123.0,199.0,164.0,137.0,205.0,98.0,355.0,93.0,87.0,188.0,232.0,119.0,100.0,230.0,164.0,198.0,176.0,149.0,166.0,88.0,209.0,216.0,255.0,203.0,143.0,243.0,146.0,236.0,165.0,170.0,185.0,171.0,158.0,269.0,248.0,96.0,171.0,202.0,100.0,110.0,240.0,144.0,79.0,286.0,117.0,120.0,128.0,241.0,133.0,81.0,255.0,214.0,103.0,198.0,183.0,146.0,149.0,256.0,148.0,120.0,162.0,108.0,89.0
189.0,155.0,184.0,217.0,128.0,67.0,166.0,141.0,196.0,165.0,158.0,135.0,172.0,177.0,154.0,23.0,131.0,131.0,126.0,48.0,172.0,127.0,139.0,143.0,125.0,24.0,56.0,115.0,80.0,171.0,0.0,80.0,163.0,202.0,93.0,101.0,70.0,71.0,192.0,139.0,163.0,125.0,102.0,216.0,129.0,74.0,121.0,149.0,100.0,102.0,105.0,105.0,179.0,111.0,22.0,100.0,139.0,206.0,146.0,83.0,254.0,66.0,99.0,140.0,83.0,138.0,289.0,98.0,114.0,202.0,135.0,109.0,82.0,108.0,95.0,186.0,167.0,80.0,180.0,142.0,216.0,148.0,178.0,85.0,205.0,30.0,111.0,166.0,218.0,157.0,140.0,110.0,68.0,95.0,74.0,253.0,130.0,132.0,220.0,29.0
107.0,304.0,191.0,197.0,143.0,231.0,199.0,67.0,74.0,191.0,153.0,217.0,133.0,184.0,154.0,130.0,67.0,250.0,77.0,125.0,237.0,141.0,89.0,106.0,111.0,67.0,125.0,181.0,264.0,77.0,80.0,0.0,184.0,111.0,107.0,118.0,118.0,60.0,93.0,125.0,197.0,117.0,83.0,271.0,89.0,34.0,148.0,63.0,120.0,81.0,53.0,129.0,125.0,47.0,98.0,37.0,113.0,122.0,212.0,135.0,65.0,204.0,200.0,118.0,77.0,70.0,191.0,46.0,63.0,200.0,187.0,105.0,69.0,139.0,200.0,81.0,136.0,200.0,24.0,88.0,89.0,95.0,23.0,85.0,279.0,150.0,73.0,229.0,112.0,100.0,120.0,174.0,183.0,176.0,210.0,80.0,125.0,193.0,108.0,71.0
89.0,99.0,51.0,224.0,192.0,190.0,210.0,238.0,259.0,230.0,165.0,225.0,359.0,123.0,83.0,132.0,189.0,58.0,251.0,139.0,182.0,130.0,26.0,87.0,145.0,168.0,147.0,75.0,180.0,160.0,163.0,184.0,0.0,127.0,91.0,194.0,144.0,95.0,98.0,117.0,111.0,267.0,257.0,107.0,57.0,188.0,177.0,184.0,129.0,149.0,166.0,300.0,110.0,188.0,147.0,136.0,128.0,103.0,280.0,215.0,221.0,44.0,331.0,134.0,188.0,262.0,153.0,206.0,196.0,32.0,228.0,78.0,76.0,135.0,100.0,184.0,159.0,126.0,124.0,98.0,214.0,194.0,201.0,4.0,154.0,93.0,215.0,208.0,122.0,215.0,117.0,158.0,198.0,9.0,230.0,172.0,200.0,152.0,200.0,176.0
120.0,136.0,163.0,149.0,200.0,264.0,144.0,208.0,195.0,232.0,219.0,216.0,307.0,240.0,150.0,213.0,232.0,138.0,211.0,235.0,198.0,108.0,70.0,138.0,243.0,127.0,135.0,54.0,160.0,153.0,202.0,111.0,127.0,0.0,63.0,179.0,184.0,192.0,199.0,122.0,59.0,289.0,177.0,154.0,158.0,16.0,267.0,187.0,156.0,154.0,231.0,179.0,176.0,133.0,139.0,167.0,126.0,203.0,298.0,300.0,213.0,106.0,308.0,115.0,316.0,221.0,178.0,125.0,224.0,143.0,217.0,92.0,59.0,202.0,143.0,176.0,112.0,159.0,142.0,98.0,274.0,185.0,144.0,168.0,179.0,208.0,162.0,261.0,143.0,185.0,185.0,187.0,259.0,34.0,233.0,248.0,132.0,270.0,211.0,188.0
135.0,199.0,183.0,208.0,259.0,256.0,176.0,56.0,111.0,189.0,86.0,222.0,245.0,156.0,91.0,117.0,164.0,140.0,125.0,178.0,164.0,128.0,63.0,174.0,163.0,56.0,114.0,61.0,101.0,60.0,93.0,107.0,91.0,63.0,0.0,161.0,170.0,99.0,167.0,53.0,158.0,223.0,67.0,221.0,98.0,31.0,60.0,105.0,56.0,50.0,82.0,138.0,166.0,71.0,132.0,76.0,67.0,115.0,226.0,232.0,208.0,134.0,253.0,50.0,157.0,152.0,272.0,67.0,159.0,162.0,163.0,140.0,24.0,142.0,130.0,211.0,159.0,167.0,70.0,117.0,271.0,170.0,109.0,137.0,271.0,136.0,130.0,169.0,183.0,51.0,122.0,154.0,160.0,103.0,104.0,150.0,106.0,147.0,219.0,122.0
149.0,61.0,216.0,168.0,101.0,77.0,106.0,88.0,253.0,175.0,59.0,160.0,208.0,74.0,156.0,78.0,93.0,186.0,160.0,65.0,59.0,64.0,78.0,121.0,170.0,146.0,77.0,113.0,133.0,300.0,101.0,118.0,194.0,179.0,161.0,0.0,166.0,105.0,53.0,110.0,224.0,128.0,151.0,141.0,252.0,77.0,88.0,204.0,106.0,174.0,35.0,77.0,186.0,83.0,5.0,135.0,242.0,267.0,184.0,49.0,289.0,106.0,146.0,188.0,48.0,157.0,237.0,226.0,122.0,104.0,110.0,91.0,156.0,155.0,147.0,157.0,170.0,73.0,136.0,108.0,233.0,101.0,87.0,161.0,132.0,85.0,37.0,255.0,53.0,135.0,164.0,171.0,85.0,105.0,120.0,90.0,102.0,229.0,280.0,157.0
166.0,167.0,151.0,111.0,67.0,0.0,128.0,253.0,196.0,153.0,223.0,63.0,240.0,181.0,143.0,43.0,104.0,180.0,167.0,27.0,132.0,163.0,94.0,138.0,128.0,83.0,41.0,191.0,163.0,224.0,70.0,118.0,144.0,184.0,170.0,166.0,0.0,55.0,188.0,235.0,99.0,142.0,109.0,107.0,166.0,162.0,157.0,75.0,188.0,193.0,220.0,94.0,79.0,210.0,37.0,225.0,168.0,204.0,158.0,78.0,260.0,48.0,117.0,176.0,142.0,98.0,116.0,119.0,175.0,175.0,190.0,154.0,154.0,76.0,135.0,231.0,109.0,125.0,221.0,126.0,214.0,167.0,291.0,82.0,14.0,62.0,108.0,184.0,195.0,157.0,96.0,60.0,90.0,81.0,134.0,332.0,111.0,175.0,181.0,67.0
95.0,101.0,15.0,124.0,134.0,80.0,119.0,250.0,125.0,227.0,143.0,120.0,287.0,59.0,114.0,58.0,212.0,100.0,273.0,58.0,56.0,118.0,48.0,103.0,157.0,178.0,28.0,105.0,219.0,123.0,71.0,60.0,95.0,192.0,99.0,105.0,55.0,0.0,100.0,172.0,252.0,125.0,118.0,165.0,108.0,117.0,125.0,83.0,75.0,159.0,154.0,214.0,68.0,206.0,56.0,118.0,92.0,151.0,282.0,112.0,153.0,92.0,221.0,139.0,205.0,175.0,118.0,94.0,144.0,127.0,151.0,95.0,55.0,165.0,137.0,128.0,100.0,185.0,105.0,100.0,189.0,134.0,222.0,47.0,106.0,97.0,58.0,49.0,127.0,250.0,50.0,167.0,235.0,50.0,241.0,317.0,109.0,211.0,158.0,125.0
71.0,51.0,133.0,207.0,151.0,175.0,209.0,142.0,200.0,200.0,102.0,275.0,263.0,62.0,170.0,167.0,147.0,131.0,205.0,94.0,139.0,118.0,0.0,103.0,168.0,294.0,56.0,132.0,219.0,199.0,192.0,93.0,98.0,199.0,167.0,53.0,188.0,100.0,0.0,117.0,227.0,167.0,242.0,131.0,243.0,220.0,98.0,101.0,124.0,210.0,122.0,286.0,150.0,144.0,60.0,148.0,207.0,223.0,225.0,139.0,204.0,174.0,307.0,178.0,138.0,180.0,132.0,176.0,181.0,38.0,100.0,5.0,155.0,109.0,116.0,162.0,259.0,119.0,108.0,50.0,202.0,175.0,154.0,147.0,105.0,133.0,170.0,173.0,116.0,167.0,187.0,278.0,265.0,75.0,219.0,113.0,151.0,323.0,290.0,281.0
107.0,209.0,246.0,183.0,214.0,230.0,144.0,37.0,184.0,75.0,140.0,183.0,259.0,125.0,153.0,178.0,85.0,234.0,77.0,205.0,186.0,112.0,115.0,101.0,164.0,133.0,125.0,44.0,89.0,164.0,139.0,125.0,117.0,122.0,53.0,110.0,235.0,172.0,117.0,0.0,241.0,288.0,108.0,142.0,199.0,88.0,153.0,144.0,167.0,131.0,11.0,104.0,200.0,19.0,165.0,160.0,120.0,167.0,182.0,209.0,183.0,155.0,294.0,0.0,120.0,194.0,267.0,167.0,188.0,142.0,158.0,109.0,46.0,191.0,189.0,153.0,210.0,133.0,15.0,198.0,178.0,134.0,167.0,158.0,256.0,158.0,204.0,260.0,103.0,53.0,217.0,268.0,248.0,125.0,134.0,89.0,98.0,167.0,279.0,214.0
147.0,113.0,153.0,196.0,176.0,146.0,257.0,267.0,290.0,140.0,253.0,289.0,311.0,286.0,217.0,219.0,170.0,71.0,272.0,99.0,311.0,203.0,83.0,139.0,119.0,200.0,117.0,179.0,217.0,137.0,163.0,197.0,111.0,59.0,158.0,224.0,99.0,252.0,227.0,241.0,0.0,194.0,229.0,143.0,230.0,187.0,184.0,150.0,196.0,222.0,274.0,351.0,175.0,247.0,96.0,224.0,244.0,200.0,137.0,271.0,364.0,150.0,279.0,256.0,279.0,135.0,192.0,220.0,259.0,126.0,337.0,88.0,205.0,31.0,53.0,316.0,198.0,124.0,311.0,143.0,280.0,286.0,299.0,128.0,167.0,134.0,269.0,322.0,216.0,141.0,148.0,97.0,136.0,114.0,186.0,275.0,262.0,253.0,294.0,179.0
256.0,164.0,193.0,143.0,164.0,215.0,158.0,236.0,243.0,190.0,150.0,120.0,148.0,191.0,194.0,83.0,195.0,195.0,211.0,57.0,182.0,127.0,140.0,201.0,174.0,92.0,191.0,163.0,257.0,205.0,125.0,117.0,267.0,289.0,223.0,128.0,142.0,125.0,167.0,288.0,194.0,0.0,140.0,283.0,213.0,136.0,228.0,256.0,255.0,184.0,158.0,156.0,196.0,115.0,33.0,151.0,284.0,245.0,187.0,101.0,256.0,92.0,151.0,307.0,145.0,151.0,254.0,123.0,120.0,267.0,170.0,273.0,134.0,151.0,190.0,157.0,115.0,238.0,222.0,149.0,182.0,243.0,178.0,153.0,118.0,101.0,171.0,182.0,150.0,160.0,183.0,110.0,105.0,149.0,265.0,246.0,79.0,243.0,202.0,47.0
135.0,383.0,244.0,218.0,143.0,220.0,200.0,27.0,169.0,39.0,184.0,221.0,78.0,142.0,138.0,109.0,72.0,234.0,50.0,108.0,167.0,81.0,170.0,158.0,140.0,34.0,133.0,160.0,202.0,98.0,102.0,83.0,257.0,177.0,67.0,151.0,109.0,118.0,242.0,108.0,229.0,140.0,0.0,292.0,146.0,41.0,48.0,133.0,150.0,90.0,29.0,91.0,158.0,11.0,102.0,75.0,141.0,178.0,114.0,110.0,147.0,175.0,171.0,133.0,50.0,103.0,271.0,49.0,55.0,297.0,124.0,243.0,109.0,213.0,184.0,99.0,59.0,197.0,45.0,228.0,169.0,171.0,74.0,162.0,330.0,128.0,89.0,187.0,204.0,77.0,94.0,71.0,77.0,181.0,205.0,156.0,83.0,114.0,163.0,0.0
121.0,178.0,138.0,193.0,46.0,78.0,141.0,301.0,232.0,185.0,301.0,126.0,251.0,99.0,131.0,41.0,141.0,94.0,191.0,116.0,153.0,71.0,141.0,98.0,52.0,267.0,86.0,118.0,175.0,355.0,216.0,271.0,107.0,154.0,221.0,141.0,107.0,165.0,131.0,142.0,143.0,283.0,292.0,0.0,250.0,274.0,231.0,125.0,151.0,317.0,185.0,237.0,134.0,158.0,194.0,301.0,176.0,224.0,148.0,32.0,230.0,101.0,269.0,190.0,215.0,290.0,239.0,142.0,127.0,129.0,179.0,84.0,159.0,181.0,26.0,178.0,278.0,23.0,117.0,210.0,179.0,215.0,246.0,189.0,99.0,129.0,252.0,188.0,178.0,342.0,157.0,165.0,258.0,112.0,145.0,329.0,252.0,183.0,359.0,202.0
218.0,101.0,60.0,136.0,244.0,163.0,146.0,288.0,132.0,258.0,157.0,133.0,276.0,270.0,258.0,219.0,307.0,126.0,322.0,214.0,263.0,274.0,177.0,243.0,307.0,229.0,114.0,91.0,160.0,93.0,129.0,89.0,57.0,158.0,98.0,252.0,166.0,108.0,243.0,199.0,230.0,213.0,146.0,250.0,0.0,128.0,222.0,116.0,112.0,84.0,191.0,158.0,134.0,276.0,171.0,189.0,187.0,261.0,290.0,302.0,229.0,179.0,236.0,94.0,270.0,190.0,141.0,198.0,230.0,141.0,129.0,92.0,164.0,220.0,233.0,184.0,138.0,211.0,152.0,102.0,341.0,138.0,179.0,124.0,247.0,183.0,79.0,268.0,185.0,175.0,222.0,273.0,230.0,70.0,148.0,212.0,132.0,225.0,124.0,175.0
165.0,82.0,132.0,36.0,197.0,137.0,21.0,89.0,107.0,142.0,65.0,109.0,230.0,188.0,69.0,130.0,256.0,86.0,156.0,129.0,136.0,77.0,146.0,153.0,172.0,79.0,138.0,14.0,28.0,87.0,74.0,34.0,188.0,16.0,31.0,77.0,162.0,117.0,220.0,88.0,187.0,136.0,41.0,274.0,128.0,0.0,55.0,197.0,68.0,87.0,119.0,94.0,171.0,102.0,10.0,66.0,86.0,164.0,179.0,233.0,196.0,123.0,121.0,168.0,290.0,152.0,234.0,69.0,187.0,146.0,111.0,158.0,53.0,214.0,143.0,153.0,65.0,157.0,157.0,151.0,339.0,48.0,171.0,133.0,204.0,113.0,21.0,132.0,207.0,147.0,85.0,139.0,100.0,66.0,70.0,206.0,11.0,196.0,137.0,92.0
88.0,163.0,265.0,277.0,196.0,183.0,285.0,93.0,295.0,48.0,234.0,307.0,233.0,113.0,91.0,53.0,208.0,182.0,191.0,181.0,193.0,67.0,103.0,119.0,85.0,55.0,161.0,170.0,122.0,188.0,121.0,148.0,177.0,267.0,60.0,88.0,157.0,125.0,98.0,153.0,184.0,228.0,48.0,231.0,222.0,55.0,0.0,132.0,66.0,155.0,88.0,145.0,212.0,69.0,120.0,101.0,242.0,174.0,45.0,143.0,348.0,119.0,304.0,216.0,127.0,121.0,204.0,256.0,181.0,197.0,97.0,158.0,132.0,154.0,118.0,263.0,102.0,139.0,135.0,169.0,355.0,245.0,133.0,159.0,262.0,77.0,84.0,297.0,127.0,50.0,109.0,51.0,96.0,159.0,148.0,162.0,198.0,149.0,301.0,98.0
35.0,198.0,133.0,202.0,96.0,124.0,202.0,169.0,211.0,189.0,240.0,220.0,279.0,107.0,75.0,169.0,200.0,167.0,240.0,98.0,123.0,139.0,38.0,51.0,108.0,246.0,23.0,176.0,290.0,232.0,149.0,63.0,184.0,187.0,105.0,204.0,75.0,83.0,101.0,144.0,150.0,256.0,133.0,125.0,116.0,197.0,132.0,0.0,73.0,216.0,170.0,167.0,103.0,212.0,107.0,195.0,155.0,106.0,239.0,162.0,120.0,151.0,300.0,125.0,210.0,134.0,4.0,86.0,142.0,95.0,213.0,53.0,98.0,110.0,170.0,115.0,167.0,156.0,109.0,124.0,162.0,153.0,230.0,63.0,142.0,182.0,94.0,180.0,102.0,197.0,22.0,167.0,304.0,65.0,319.0,246.0,176.0,245.0,176.0,179.0
48.0,163.0,135.0,267.0,271.0,195.0,238.0,147.0,203.0,176.0,146.0,235.0,375.0,201.0,45.0,78.0,206.0,113.0,252.0,231.0,115.0,84.0,71.0,64.0,140.0,118.0,97.0,128.0,150.0,119.0,100.0,120.0,129.0,156.0,56.0,106.0,188.0,75.0,124.0,167.0,196.0,255.0,150.0,151.0,112.0,68.0,66.0,73.0,0.0,162.0,132.0,157.0,181.0,204.0,150.0,133.0,167.0,135.0,254.0,181.0,280.0,115.0,271.0,56.0,223.0,223.0,183.0,179.0,292.0,158.0,155.0,66.0,79.0,138.0,122.0,216.0,237.0,173.0,197.0,83.0,335.0,211.0,147.0,72.0,251.0,115.0,110.0,253.0,167.0,119.0,70.0,133.0,182.0,0.0,148.0,272.0,161.0,223.0,211.0,231.0
219.0,125.0,138.0,96.0,277.0,256.0,104.0,188.0,123.0,251.0,114.0,135.0,241.0,186.0,217.0,175.0,208.0,153.0,180.0,179.0,194.0,188.0,118.0,217.0,242.0,133.0,249.0,84.0,122.0,100.0,102.0,81.0,149.0,154.0,50.0,174.0,193.0,159.0,210.0,131.0,222.0,184.0,90.0,317.0,84.0,87.0,155.0,216.0,162.0,0.0,176.0,157.0,158.0,148.0,135.0,184.0,108.0,118.0,285.0,253.0,165.0,100.0,209.0,207.0,194.0,174.0,211.0,141.0,187.0,154.0,159.0,214.0,78.0,243.0,181.0,159.0,108.0,238.0,49.0,128.0,256.0,143.0,145.0,206.0,143.0,132.0,136.0,249.0,182.0,166.0,141.0,201.0,271.0,259.0,145.0,245.0,96.0,229.0,238.0,142.0
106.0,85.0,223.0,169.0,126.0,114.0,52.0,47.0,186.0,141.0,48.0,141.0,221.0,168.0,92.0,199.0,164.0,139.0,175.0,173.0,39.0,38.0,130.0,71.0,125.0,180.0,59.0,72.0,83.0,230.0,105.0,53.0,166.0,231.0,82.0,35.0,220.0,154.0,122.0,11.0,274.0,158.0,29.0,185.0,191.0,119.0,88.0,170.0,132.0,176.0,0.0,36.0,117.0,51.0,70.0,158.0,242.0,219.0,150.0,192.0,219.0,150.0,172.0,149.0,191.0,138.0,194.0,181.0,132.0,111.0,48.0,39.0,69.0,215.0,156.0,145.0,169.0,67.0,85.0,137.0,238.0,67.0,91.0,168.0,207.0,175.0,40.0,239.0,119.0,120.0,137.0,291.0,161.0,140.0,173.0,128.0,75.0,174.0,286.0,204.0
133.0,298.0,264.0,91.0,124.0,79.0,91.0,91.0,36.0,121.0,250.0,123.0,89.0,181.0,219.0,212.0,10.0,274.0,2.0,176.0,127.0,182.0,244.0,214.0,177.0,93.0,167.0,192.0,100.0,164.0,105.0,129.0,300.0,179.0,138.0,77.0,94.0,214.0,286.0,104.0,351.0,156.0,91.0,237.0,158.0,94.0,145.0,167.0,157.0,157.0,36.0,0.0,97.0,111.0,167.0,110.0,162.0,163.0,139.0,106.0,144.0,272.0,3.0,167.0,14.0,184.0,259.0,25.0,76.0,244.0,149.0,233.0,150.0,273.0,220.0,93.0,143.0,209.0,60.0,323.0,72.0,0.0,101.0,189.0,271.0,198.0,188.0,257.0,112.0,203.0,86.0,167.0,182.0,214.0,86.0,267.0,77.0,201.0,135.0,104.0
137.0,93.0,160.0,167.0,111.0,91.0,145.0,231.0,91.0,189.0,198.0,105.0,202.0,212.0,215.0,187.0,123.0,160.0,200.0,100.0,141.0,157.0,75.0,170.0,195.0,140.0,103.0,218.0,143.0,198.0,179.0,125.0,110.0,176.0,166.0,186.0,79.0,68.0,150.0,200.0,175.0,196.0,158.0,134.0,134.0,171.0,212.0,103.0,181.0,158.0,117.0,97.0,0.0,195.0,75.0,141.0,212.0,136.0,239.0,178.0,170.0,125.0,105.0,194.0,137.0,182.0,56.0,168.0,155.0,102.0,211.0,130.0,169.0,146.0,186.0,256.0,155.0,158.0,133.0,203.0,161.0,80.0,138.0,43.0,60.0,146.0,179.0,297.0,87.0,170.0,131.0,198.0,200.0,45.0,162.0,188.0,136.0,226.0,223.0,140.0
135.0,156.0,248.0,86.0,154.0,224.0,23.0,21.0,150.0,209.0,80.0,103.0,123.0,154.0,162.0,160.0,9.0,222.0,2.0,92.0,205.0,90.0,135.0,139.0,98.0,90.0,244.0,117.0,144.0,176.0,111.0,47.0,188.0,133.0,71.0,83.0,210.0,206.0,144.0,19.0,247.0,115.0,11.0,158.0,276.0,102.0,69.0,212.0,204.0,148.0,51.0,111.0,195.0,0.0,82.0,104.0,251.0,211.0,137.0,168.0,174.0,143.0,184.0,206.0,13.0,61.0,275.0,159.0,39.0,130.0,125.0,156.0,114.0,198.0,148.0,151.0,89.0,108.0,43.0,211.0,115.0,102.0,81.0,257.0,192.0,128.0,128.0,346.0,95.0,76.0,216.0,201.0,231.0,296.0,77.0,50.0,48.0,156.0,260.0,101.0
71.0,105.0,145.0,135.0,49.0,97.0,99.0,167.0,159.0,126.0,151.0,147.0,173.0,94.0,105.0,35.0,18.0,173.0,113.0,0.0,94.0,4.0,39.0,69.0,52.0,74.0,130.0,181.0,261.0,149.0,22.0,98.0,147.0,139.0,132.0,5.0,37.0,56.0,60.0,165.0,96.0,33.0,102.0,194.0,171.0,10.0,120.0,107.0,150.0,135.0,70.0,167.0,75.0,82.0,0.0,145.0,156.0,150.0,117.0,45.0,243.0,70.0,185.0,262.0,5.0,134.0,187.0,180.0,110.0,130.0,57.0,132.0,121.0,140.0,143.0,162.0,143.0,103.0,140.0,98.0,165.0,153.0,69.0,140.0,62.0,87.0,42.0,179.0,20.0,195.0,41.0,23.0,113.0,166.0,122.0,182.0,98.0,216.0,271.0,77.0
148.0,74.0,194.0,147.0,314.0,233.0,157.0,123.0,187.0,259.0,85.0,151.0,199.0,254.0,72.0,134.0,216.0,196.0,238.0,226.0,133.0,162.0,118.0,166.0,221.0,123.0,195.0,53.0,77.0,166.0,100.0,37.0,136.0,167.0,76.0,135.0,225.0,118.0,148.0,160.0,224.0,151.0,75.0,301.0,189.0,66.0,101.0,195.0,133.0,184.0,158.0,110.0,141.0,104.0,145.0,0.0,84.0,163.0,281.0,309.0,160.0,129.0,177.0,129.0,220.0,161.0,236.0,145.0,221.0,172.0,217.0,147.0,42.0,214.0,216.0,162.0,145.0,273.0,121.0,101.0,283.0,184.0,147.0,149.0,204.0,174.0,113.0,187.0,198.0,112.0,154.0,187.0,191.0,193.0,134.0,175.0,86.0,210.0,181.0,147.0
213.0,129.0,152.0,206.0,196.0,172.0,186.0,208.0,216.0,229.0,231.0,235.0,262.0,288.0,209.0,250.0,261.0,121.0,256.0,201.0,216.0,173.0,146.0,189.0,320.0,196.0,127.0,150.0,152.0,88.0,139.0,113.0,128.0,126.0,67.0,242.0,168.0,92.0,207.0,120.0,244.0,284.0,141.0,176.0,187.0,86.0,242.0,155.0,167.0,108.0,242.0,162.0,212.0,251.0,156.0,84.0,0.0,186.0,285.0,244.0,196.0,61.0,303.0,155.0,278.0,221.0,130.0,206.0,254.0,138.0,242.0,70.0,168.0,222.0,164.0,201.0,120.0,157.0,207.0,228.0,260.0,166.0,149.0,94.0,167.0,173.0,187.0,176.0,160.0,209.0,184.0,274.0,231.0,75.0,277.0,257.0,167.0,293.0,253.0,181.0
181.0,79.0,167.0,186.0,240.0,179.0,189.0,218.0,173.0,290.0,170.0,170.0,214.0,273.0,90.0,210.0,272.0,134.0,278.0,134.0,198.0,154.0,91.0,151.0,193.0,209.0,131.0,105.0,129.0,209.0,206.0,122.0,103.0,203.0,115.0,267.0,204.0,151.0,223.0,167.0,200.0,245.0,178.0,224.0,261.0,164.0,174.0,106.0,135.0,118.0,219.0,163.0,136.0,211.0,150.0,163.0,186.0,0.0,356.0,292.0,179.0,45.0,233.0,138.0,280.0,234.0,157.0,198.0,255.0,144.0,264.0,111.0,129.0,181.0,118.0,241.0,218.0,174.0,176.0,171.0,332.0,208.0,244.0,125.0,113.0,186.0,172.0,261.0,192.0,237.0,128.0,152.0,259.0,173.0,207.0,277.0,131.0,272.0,270.0,178.0
288.0,170.0,313.0,327.0,122.0,199.0,279.0,157.0,271.0,86.0,326.0,261.0,233.0,214.0,206.0,134.0,146.0,221.0,136.0,142.0,191.0,43.0,144.0,151.0,192.0,166.0,156.0,242.0,160.0,216.0,146.0,212.0,280.0,298.0,226.0,184.0,158.0,282.0,225.0,182.0,137.0,187.0,114.0,148.0,290.0,179.0,45.0,239.0,254.0,285.0,150.0,139.0,239.0,137.0,117.0,281.0,285.0,356.0,0.0,185.0,271.0,127.0,256.0,341.0,34.0,90.0,209.0,182.0,137.0,225.0,242.0,144.0,204.0,111.0,115.0,272.0,192.0,84.0,189.0,211.0,269.0,319.0,116.0,227.0,213.0,263.0,166.0,276.0,196.0,170.0,281.0,152.0,186.0,248.0,178.0,186.0,251.0,170.0,339.0,185.0
105.0,167.0,220.0,159.0,7.0,56.0,143.0,233.0,180.0,189.0,220.0,122.0,154.0,145.0,233.0,83.0,60.0,227.0,108.0,29.0,63.0,51.0,149.0,86.0,106.0,178.0,22.0,235.0,252.0,255.0,83.0,135.0,215.0,300.0,232.0,49.0,78.0,112.0,139.0,209.0,271.0,101.0,110.0,32.0,302.0,233.0,143.0,162.0,181.0,253.0,192.0,106.0,178.0,168.0,45.0,309.0,244.0,292.0,185.0,0.0,195.0,100.0,159.0,188.0,51.0,104.0,192.0,185.0,92.0,206.0,106.0,105.0,191.0,137.0,128.0,153.0,152.0,90.0,146.0,213.0,123.0,183.0,218.0,133.0,39.0,117.0,176.0,180.0,141.0,220.0,167.0,178.0,201.0,140.0,230.0,239.0,164.0,174.0,279.0,143.0
194.0,397.0,276.0,204.0,218.0,286.0,216.0,212.0,116.0,280.0,248.0,143.0,119.0,259.0,265.0,267.0,207.0,412.0,194.0,220.0,298.0,269.0,219.0,247.0,287.0,262.0,216.0,224.0,295.0,203.0,254.0,65.0,221.0,213.0,208.0,289.0,260.0,153.0,204.0,183.0,364.0,256.0,147.0,230.0,229.0,196.0,348.0,120.0,280.0,165.0,219.0,144.0,170.0,174.0,243.0,160.0,196.0,179.0,271.0,195.0,0.0,216.0,286.0,157.0,218.0,149.0,148.0,208.0,159.0,242.0,338.0,233.0,200.0,322.0,251.0,46.0,216.0,292.0,8.0,226.0,185.0,154.0,189.0,215.0,173.0,288.0,202.0,283.0,182.0,249.0,257.0,345.0,370.0,211.0,299.0,215.0,104.0,264.0,172.0,192.0
87.0,153.0,111.0,203.0,116.0,91.0,199.0,228.0,182.0,181.0,173.0,158.0,193.0,179.0,63.0,17.0,70.0,78.0,141.0,53.0,226.0,71.0,101.0,64.0,91.0,70.0,118.0,111.0,131.0,143.0,66.0,204.0,44.0,106.0,134.0,106.0,48.0,92.0,174.0,155.0,150.0,92.0,175.0,101.0,179.0,123.0,119.0,151.0,115.0,100.0,150.0,272.0,125.0,143.0,70.0,129.0,61.0,45.0,127.0,100.0,216.0,0.0,187.0,150.0,137.0,200.0,273.0,186.0,167.0,182.0,217.0,87.0,111.0,160.0,0.0,230.0,140.0,58.0,143.0,152.0,220.0,226.0,215.0,86.0,143.0,0.0,220.0,154.0,131.0,241.0,91.0,18.0,71.0,46.0,119.0,320.0,146.0,95.0,238.0,111.0
248.0,149.0,242.0,70.0,236.0,65.0,70.0,283.0,110.0,282.0,190.0,35.0,189.0,311.0,241.0,181.0,71.0,279.0,143.0,187.0,133.0,222.0,253.0,225.0,217.0,36.0,276.0,220.0,80.0,243.0,99.0,200.0,331.0,308.0,253.0,146.0,117.0,221.0,307.0,294.0,279.0,151.0,171.0,269.0,236.0,121.0,304.0,300.0,271.0,209.0,172.0,3.0,105.0,184.0,185.0,177.0,303.0,233.0,256.0,159.0,286.0,187.0,0.0,362.0,107.0,239.0,343.0,179.0,120.0,300.0,293.0,278.0,154.0,296.0,220.0,153.0,146.0,304.0,262.0,272.0,172.0,130.0,224.0,205.0,107.0,182.0,308.0,336.0,287.0,219.0,154.0,109.0,145.0,284.0,125.0,285.0,117.0,224.0,248.0,40.0
105.0,209.0,186.0,287.0,221.0,293.0,217.0,167.0,180.0,122.0,165.0,239.0,324.0,142.0,150.0,190.0,217.0,111.0,192.0,261.0,181.0,206.0,171.0,150.0,249.0,200.0,125.0,59.0,182.0,146.0,140.0,118.0,134.0,115.0,50.0,188.0,176.0,139.0,178.0,0.0,256.0,307.0,133.0,190.0,94.0,168.0,216.0,125.0,56.0,207.0,149.0,167.0,194.0,206.0,262.0,129.0,155.0,138.0,341.0,188.0,157.0,150.0,362.0,0.0,200.0,226.0,258.0,75.0,200.0,212.0,259.0,95.0,98.0,258.0,150.0,115.0,204.0,139.0,72.0,169.0,184.0,233.0,141.0,184.0,333.0,218.0,129.0,234.0,251.0,260.0,111.0,256.0,336.0,111.0,186.0,231.0,203.0,235.0,239.0,179.0
185.0,142.0,303.0,196.0,59.0,100.0,78.0,130.0,243.0,116.0,185.0,119.0,119.0,189.0,207.0,82.0,13.0,258.0,19.0,76.0,126.0,89.0,181.0,139.0,103.0,99.0,128.0,143.0,102.0,236.0,83.0,77.0,188.0,316.0,157.0,48.0,142.0,205.0,138.0,120.0,279.0,145.0,50.0,215.0,270.0,290.0,127.0,210.0,223.0,194.0,191.0,14.0,137.0,13.0,5.0,220.0,278.0,280.0,34.0,51.0,218.0,137.0,107.0,200.0,0.0,58.0,224.0,102.0,61.0,186.0,138.0,156.0,140.0,165.0,169.0,121.0,186.0,42.0,156.0,182.0,103.0,128.0,229.0,232.0,178.0,100.0,211.0,240.0,83.0,99.0,228.0,114.0,148.0,200.0,124.0,137.0,130.0,160.0,308.0,99.0
248.0,312.0,277.0,254.0,132.0,227.0,286.0,140.0,224.0,134.0,208.0,244.0,83.0,187.0,200.0,146.0,101.0,267.0,91.0,114.0,252.0,198.0,123.0,184.0,97.0,133.0,92.0,196.0,293.0,165.0,138.0,70.0,262.0,221.0,152.0,157.0,98.0,175.0,180.0,194.0,135.0,151.0,103.0,290.0,190.0,152.0,121.0,134.0,223.0,174.0,138.0,184.0,182.0,61.0,134.0,161.0,221.0,234.0,90.0,104.0,149.0,200.0,239.0,226.0,58.0,0.0,268.0,71.0,106.0,273.0,207.0,175.0,182.0,98.0,150.0,153.0,157.0,207.0,104.0,130.0,154.0,292.0,156.0,244.0,216.0,164.0,196.0,190.0,261.0,135.0,148.0,140.0,151.0,193.0,224.0,176.0,164.0,207.0,228.0,71.0
96.0,276.0,120.0,314.0,165.0,186.0,356.0,272.0,135.0,171.0,371.0,349.0,247.0,230.0,220.0,213.0,164.0,221.0,253.0,199.0,170.0,214.0,111.0,248.0,188.0,337.0,133.0,325.0,308.0,170.0,289.0,191.0,153.0,178.0,272.0,237.0,116.0,118.0,132.0,267.0,192.0,254.0,271.0,239.0,141.0,234.0,204.0,4.0,183.0,211.0,194.0,259.0,56.0,275.0,187.0,236.0,130.0,157.0,209.0,192.0,148.0,273.0,343.0,258.0,224.0,268.0,0.0,188.0,255.0,129.0,202.0,105.0,308.0,195.0,171.0,167.0,300.0,214.0,124.0,129.0,318.0,243.0,124.0,176.0,157.0,208.0,200.0,249.0,122.0,254.0,163.0,213.0,300.0,129.0,241.0,227.0,240.0,381.0,244.0,308.0
125.0,350.0,285.0,79.0,226.0,245.0,137.0,118.0,77.0,182.0,220.0,194.0,189.0,216.0,165.0,119.0,85.0,276.0,93.0,157.0,147.0,212.0,141.0,182.0,256.0,64.0,143.0,133.0,214.0,185.0,98.0,46.0,206.0,125.0,67.0,226.0,119.0,94.0,176.0,167.0,220.0,123.0,49.0,142.0,198.0,69.0,256.0,86.0,179.0,141.0,181.0,25.0,168.0,159.0,180.0,145.0,206.0,198.0,182.0,185.0,208.0,186.0,179.0,75.0,102.0,71.0,188.0,0.0,112.0,223.0,208.0,212.0,88.0,158.0,204.0,181.0,83.0,294.0,117.0,239.0,76.0,92.0,204.0,181.0,217.0,148.0,149.0,258.0,169.0,110.0,141.0,195.0,203.0,142.0,154.0,209.0,111.0,215.0,126.0,54.0
202.0,221.0,247.0,102.0,130.0,117.0,88.0,198.0,167.0,196.0,198.0,88.0,97.0,144.0,198.0,132.0,143.0,269.0,109.0,101.0,150.0,101.0,207.0,106.0,127.0,185.0,100.0,137.0,169.0,171.0,114.0,63.0,196.0,224.0,159.0,122.0,175.0,144.0,181.0,188.0,259.0,120.0,55.0,127.0,230.0,187.0,181.0,142.0,292.0,187.0,132.0,76.0,155.0,39.0,110.0,221.0,254.0,255.0,137.0,92.0,159.0,167.0,120.0,200.0,61.0,106.0,255.0,112.0,0.0,251.0,158.0,156.0,116.0,233.0,153.0,146.0,60.0,202.0,108.0,241.0,184.0,163.0,110.0,206.0,183.0,178.0,128.0,209.0,168.0,234.0,209.0,149.0,176.0,205.0,187.0,249.0,137.0,197.0,229.0,60.0
85.0,75.0,58.0,160.0,217.0,164.0,166.0,173.0,196.0,157.0,152.0,271.0,299.0,146.0,177.0,173.0,186.0,54.0,225.0,167.0,169.0,110.0,63.0,130.0,110.0,239.0,138.0,136.0,157.0,158.0,202.0,200.0,32.0,143.0,162.0,104.0,175.0,127.0,38.0,142.0,126.0,267.0,297.0,129.0,141.0,146.0,197.0,95.0,158.0,154.0,111.0,244.0,102.0,130.0,130.0,172.0,138.0,144.0,225.0,206.0,242.0,182.0,300.0,212.0,186.0,273.0,129.0,223.0,251.0,0.0,105.0,40.0,163.0,130.0,164.0,218.0,246.0,149.0,182.0,107.0,311.0,148.0,137.0,40.0,193.0,102.0,265.0,212.0,133.0,123.0,150.0,141.0,164.0,64.0,198.0,118.0,177.0,251.0,263.0,262.0
186.0,166.0,132.0,194.0,158.0,195.0,153.0,143.0,265.0,189.0,123.0,258.0,189.0,200.0,249.0,105.0,186.0,59.0,263.0,129.0,111.0,41.0,122.0,201.0,166.0,258.0,246.0,198.0,236.0,269.0,135.0,187.0,228.0,217.0,163.0,110.0,190.0,151.0,100.0,158.0,337.0,170.0,124.0,179.0,129.0,111.0,97.0,213.0,155.0,159.0,48.0,149.0,211.0,125.0,57.0,217.0,242.0,264.0,242.0,106.0,338.0,217.0,293.0,259.0,138.0,207.0,202.0,208.0,158.0,105.0,0.0,164.0,219.0,143.0,245.0,252.0,190.0,131.0,156.0,158.0,311.0,184.0,149.0,220.0,262.0,95.0,77.0,221.0,100.0,130.0,204.0,239.0,224.0,245.0,195.0,136.0,202.0,224.0,330.0,236.0
45.0,94.0,114.0,280.0,122.0,145.0,236.0,187.0,276.0,133.0,159.0,212.0,336.0,79.0,72.0,53.0,154.0,129.0,244.0,108.0,203.0,120.0,13.0,24.0,48.0,222.0,79.0,100.0,206.0,248.0,109.0,105.0,78.0,92.0,140.0,91.0,154.0,95.0,5.0,109.0,88.0,273.0,243.0,84.0,92.0,158.0,158.0,53.0,66.0,214.0,39.0,233.0,130.0,156.0,132.0,147.0,70.0,111.0,144.0,105.0,233.0,87.0,278.0,95.0,156.0,175.0,105.0,212.0,156.0,40.0,164.0,0.0,107.0,55.0,82.0,179.0,279.0,60.0,95.0,24.0,244.0,166.0,153.0,46.0,150.0,87.0,76.0,211.0,145.0,204.0,146.0,179.0,189.0,48.0,222.0,116.0,233.0,209.0,278.0,235.0
67.0,194.0,170.0,111.0,214.0,180.0,71.0,78.0,143.0,176.0,100.0,148.0,219.0,172.0,76.0,117.0,124.0,149.0,140.0,150.0,167.0,175.0,97.0,88.0,167.0,65.0,135.0,0.0,100.0,96.0,82.0,69.0,76.0,59.0,24.0,156.0,154.0,55.0,155.0,46.0,205.0,134.0,109.0,159.0,164.0,53.0,132.0,98.0,79.0,78.0,69.0,150.0,169.0,114.0,121.0,42.0,168.0,129.0,204.0,191.0,200.0,111.0,154.0,98.0,140.0,182.0,308.0,88.0,116.0,163.0,219.0,107.0,0.0,216.0,118.0,217.0,82.0,173.0,58.0,180.0,143.0,75.0,166.0,156.0,242.0,108.0,64.0,245.0,116.0,192.0,91.0,122.0,126.0,55.0,115.0,193.0,59.0,208.0,232.0,69.0
161.0,189.0,190.0,315.0,139.0,169.0,383.0,191.0,266.0,99.0,288.0,340.0,256.0,228.0,193.0,98.0,113.0,69.0,202.0,117.0,219.0,163.0,83.0,128.0,39.0,210.0,87.0,194.0,210.0,171.0,108.0,139.0,135.0,202.0,142.0,155.0,76.0,165.0,109.0,191.0,31.0,151.0,213.0,181.0,220.0,214.0,154.0,110.0,138.0,243.0,215.0,273.0,146.0,198.0,140.0,214.0,222.0,181.0,111.0,137.0,322.0,160.0,296.0,258.0,165.0,98.0,195.0,158.0,233.0,130.0,143.0,55.0,216.0,0.0,98.0,332.0,256.0,76.0,275.0,140.0,241.0,321.0,274.0,125.0,233.0,30.0,250.0,255.0,204.0,143.0,157.0,106.0,134.0,139.0,148.0,252.0,306.0,296.0,311.0,200.0
73.0,97.0,146.0,161.0,154.0,159.0,148.0,212.0,256.0,173.0,185.0,132.0,208.0,192.0,89.0,25.0,120.0,137.0,174.0,131.0,211.0,80.0,68.0,28.0,97.0,79.0,156.0,95.0,171.0,202.0,95.0,200.0,100.0,143.0,130.0,147.0,135.0,137.0,116.0,189.0,53.0,190.0,184.0,26.0,233.0,143.0,118.0,170.0,122.0,181.0,156.0,220.0,186.0,148.0,143.0,216.0,164.0,118.0,115.0,128.0,251.0,0.0,220.0,150.0,169.0,150.0,171.0,204.0,153.0,164.0,245.0,82.0,118.0,98.0,0.0,261.0,94.0,93.0,152.0,116.0,229.0,231.0,250.0,148.0,98.0,42.0,203.0,264.0,166.0,198.0,137.0,45.0,110.0,78.0,183.0,273.0,167.0,169.0,286.0,167.0
87.0,266.0,186.0,146.0,178.0,227.0,100.0,193.0,87.0,235.0,154.0,126.0,195.0,245.0,211.0,211.0,103.0,371.0,104.0,169.0,144.0,185.0,258.0,157.0,227.0,190.0,146.0,174.0,248.0,100.0,186.0,81.0,184.0,176.0,211.0,157.0,231.0,128.0,162.0,153.0,316.0,157.0,99.0,178.0,184.0,153.0,263.0,115.0,216.0,159.0,145.0,93.0,256.0,151.0,162.0,162.0,201.0,241.0,272.0,153.0,46.0,230.0,153.0,115.0,121.0,153.0,167.0,181.0,146.0,218.0,252.0,179.0,217.0,332.0,261.0,0.0,152.0,241.0,67.0,208.0,133.0,51.0,25.0,180.0,204.0,285.0,101.0,335.0,153.0,224.0,196.0,253.0,282.0,161.0,268.0,74.0,110.0,224.0,134.0,169.0
245.0,306.0,205.0,127.0,192.0,145.0,137.0,222.0,132.0,204.0,135.0,141.0,161.0,185.0,65.0,74.0,239.0,179.0,183.0,143.0,194.0,137.0,147.0,253.0,243.0,102.0,167.0,70.0,146.0,110.0,167.0,136.0,159.0,112.0,159.0,170.0,109.0,100.0,259.0,210.0,198.0,115.0,59.0,278.0,138.0,65.0,102.0,167.0,237.0,108.0,169.0,143.0,155.0,89.0,143.0,145.0,120.0,218.0,192.0,152.0,216.0,140.0,146.0,204.0,186.0,157.0,300.0,83.0,60.0,246.0,190.0,279.0,82.0,256.0,94.0,152.0,0.0,279.0,109.0,187.0,270.0,174.0,141.0,168.0,214.0,186.0,119.0,111.0,197.0,188.0,105.0,74.0,78.0,117.0,162.0,230.0,67.0,111.0,118.0,0.0
108.0,182.0,206.0,270.0,77.0,118.0,228.0,182.0,273.0,43.0,261.0,196.0,281.0,103.0,157.0,56.0,20.0,203.0,111.0,86.0,190.0,72.0,121.0,70.0,51.0,143.0,92.0,175.0,176.0,240.0,80.0,200.0,126.0,159.0,167.0,73.0,125.0,185.0,119.0,133.0,124.0,238.0,197.0,23.0,211.0,157.0,139.0,156.0,173.0,238.0,67.0,209.0,158.0,108.0,103.0,273.0,157.0,174.0,84.0,90.0,292.0,58.0,304.0,139.0,42.0,207.0,214.0,294.0,202.0,149.0,131.0,60.0,173.0,76.0,93.0,241.0,279.0,0.0,153.0,145.0,225.0,262.0,183.0,113.0,147.0,61.0,218.0,231.0,106.0,134.0,224.0,149.0,120.0,120.0,80.0,227.0,229.0,144.0,359.0,231.0
103.0,174.0,187.0,119.0,182.0,280.0,73.0,31.0,53.0,241.0,130.0,63.0,71.0,166.0,156.0,176.0,106.0,223.0,95.0,153.0,129.0,121.0,116.0,84.0,218.0,146.0,133.0,86.0,143.0,144.0,180.0,24.0,124.0,142.0,70.0,136.0,221.0,105.0,108.0,15.0,311.0,222.0,45.0,117.0,152.0,157.0,135.0,109.0,197.0,49.0,85.0,60.0,133.0,43.0,140.0,121.0,207.0,176.0,189.0,146.0,8.0,143.0,262.0,72.0,156.0,104.0,124.0,117.0,108.0,182.0,156.0,95.0,58.0,275.0,152.0,67.0,109.0,153.0,0.0,154.0,153.0,105.0,202.0,196.0,197.0,169.0,161.0,273.0,126.0,154.0,189.0,247.0,297.0,183.0,177.0,164.0,0.0,252.0,249.0,160.0
69.0,107.0,96.0,201.0,184.0,175.0,217.0,195.0,204.0,240.0,106.0,279.0,281.0,201.0,169.0,167.0,186.0,131.0,238.0,158.0,224.0,196.0,95.0,155.0,158.0,176.0,133.0,132.0,210.0,79.0,142.0,88.0,98.0,98.0,117.0,108.0,126.0,100.0,50.0,198.0,143.0,149.0,228.0,210.0,102.0,151.0,169.0,124.0,83.0,128.0,137.0,323.0,203.0,211.0,98.0,101.0,228.0,171.0,211.0,213.0,226.0,152.0,272.0,169.0,182.0,130.0,129.0,239.0,241.0,107.0,158.0,24.0,180.0,140.0,116.0,208.0,187.0,145.0,154.0,0.0,262.0,157.0,76.0,124.0,175.0,96.0,95.0,279.0,103.0,199.0,160.0,200.0,88.0,28.0,114.0,169.0,194.0,316.0,228.0,188.0
188.0,372.0,369.0,173.0,140.0,220.0,185.0,182.0,185.0,269.0,291.0,149.0,101.0,239.0,258.0,167.0,102.0,403.0,90.0,146.0,198.0,224.0,214.0,178.0,207.0,173.0,168.0,188.0,240.0,286.0,216.0,89.0,214.0,274.0,271.0,233.0,214.0,189.0,202.0,178.0,280.0,182.0,169.0,179.0,341.0,339.0,355.0,162.0,335.0,256.0,238.0,72.0,161.0,115.0,165.0,283.0,260.0,332.0,269.0,123.0,185.0,220.0,172.0,184.0,103.0,154.0,318.0,76.0,184.0,311.0,311.0,244.0,143.0,241.0,229.0,133.0,270.0,225.0,153.0,262.0,0.0,215.0,284.0,277.0,178.0,201.0,272.0,253.0,193.0,187.0,239.0,241.0,291.0,237.0,252.0,302.0,146.0,283.0,323.0,109.0
219.0,239.0,159.0,13.0,220.0,141.0,6.0,173.0,41.0,244.0,166.0,179.0,236.0,180.0,164.0,196.0,184.0,225.0,145.0,213.0,59.0,114.0,150.0,240.0,253.0,140.0,179.0,129.0,122.0,117.0,148.0,95.0,194.0,185.0,170.0,101.0,167.0,134.0,175.0,134.0,286.0,243.0,171.0,215.0,138.0,48.0,245.0,153.0,211.0,143.0,67.0,0.0,80.0,102.0,153.0,184.0,166.0,208.0,319.0,183.0,154.0,226.0,130.0,233.0,128.0,292.0,243.0,92.0,163.0,148.0,184.0,166.0,75.0,321.0,231.0,51.0,174.0,262.0,105.0,157.0,215.0,0.0,40.0,139.0,191.0,236.0,176.0,195.0,197.0,236.0,110.0,149.0,190.0,186.0,191.0,182.0,93.0,290.0,193.0,103.0
127.0,157.0,219.0,159.0,216.0,251.0,83.0,120.0,214.0,116.0,120.0,209.0,215.0,252.0,217.0,259.0,188.0,263.0,227.0,189.0,124.0,99.0,151.0,177.0,190.0,196.0,240.0,164.0,165.0,120.0,178.0,23.0,201.0,144.0,109.0,87.0,291.0,222.0,154.0,167.0,299.0,178.0,74.0,246.0,179.0,171.0,133.0,230.0,147.0,145.0,91.0,101.0,138.0,81.0,69.0,147.0,149.0,244.0,116.0,218.0,189.0,215.0,224.0,141.0,229.0,156.0,124.0,204.0,110.0,137.0,149.0,153.0,166.0,274.0,250.0,25.0,141.0,183.0,202.0,76.0,284.0,40.0,0.0,183.0,278.0,213.0,53.0,253.0,94.0,122.0,229.0,259.0,215.0,156.0,234.0,56.0,155.0,230.0,143.0,229.0
110.0,76.0,48.0,204.0,157.0,92.0,201.0,240.0,136.0,167.0,141.0,161.0,331.0,258.0,127.0,110.0,175.0,72.0,262.0,137.0,159.0,142.0,84.0,121.0,149.0,196.0,118.0,144.0,113.0,128.0,85.0,85.0,4.0,168.0,137.0,161.0,82.0,47.0,147.0,158.0,128.0,153.0,162.0,189.0,124.0,133.0,159.0,63.0,72.0,206.0,168.0,189.0,43.0,257.0,140.0,149.0,94.0,125.0,227.0,133.0,215.0,86.0,205.0,184.0,232.0,244.0,176.0,181.0,206.0,40.0,220.0,46.0,156.0,125.0,148.0,180.0,168.0,113.0,196.0,124.0,277.0,139.0,183.0,0.0,146.0,111.0,79.0,179.0,184.0,189.0,78.0,110.0,133.0,92.0,176.0,195.0,183.0,169.0,224.0,168.0
100.0,120.0,162.0,127.0,67.0,13.0,215.0,344.0,105.0,288.0,261.0,125.0,150.0,229.0,214.0,147.0,83.0,164.0,172.0,47.0,222.0,158.0,117.0,127.0,110.0,146.0,158.0,306.0,168.0,241.0,205.0,279.0,154.0,179.0,271.0,132.0,14.0,106.0,105.0,256.0,167.0,118.0,330.0,99.0,247.0,204.0,262.0,142.0,251.0,143.0,207.0,271.0,60.0,192.0,62.0,204.0,167.0,113.0,213.0,39.0,173.0,143.0,107.0,333.0,178.0,216.0,157.0,217.0,183.0,193.0,262.0,150.0,242.0,233.0,98.0,204.0,214.0,147.0,197.0,175.0,178.0,191.0,278.0,146.0,0.0,63.0,396.0,230.0,167.0,338.0,66.0,90.0,158.0,106.0,144.0,367.0,137.0,290.0,278.0,150.0
218.0,76.0,96.0,174.0,136.0,102.0,157.0,203.0,172.0,250.0,127.0,105.0,220.0,134.0,125.0,1.0,79.0,86.0,123.0,80.0,150.0,61.0,48.0,119.0,91.0,53.0,140.0,124.0,125.0,133.0,30.0,150.0,93.0,208.0,136.0,85.0,62.0,97.0,133.0,158.0,134.0,101.0,128.0,129.0,183.0,113.0,77.0,182.0,115.0,132.0,175.0,198.0,146.0,128.0,87.0,174.0,173.0,186.0,263.0,117.0,288.0,0.0,182.0,218.0,100.0,164.0,208.0,148.0,178.0,102.0,95.0,87.0,108.0,30.0,42.0,285.0,186.0,61.0,169.0,96.0,201.0,236.0,213.0,111.0,63.0,0.0,161.0,164.0,156.0,138.0,154.0,80.0,118.0,143.0,75.0,221.0,154.0,180.0,260.0,111.0
59.0,296.0,159.0,287.0,158.0,188.0,265.0,103.0,234.0,89.0,152.0,364.0,231.0,160.0,105.0,130.0,192.0,158.0,241.0,175.0,106.0,39.0,143.0,71.0,175.0,138.0,25.0,179.0,292.0,81.0,111.0,73.0,215.0,162.0,130.0,37.0,108.0,58.0,170.0,204.0,269.0,171.0,89.0,252.0,79.0,21.0,84.0,94.0,110.0,136.0,40.0,188.0,179.0,128.0,42.0,113.0,187.0,172.0,166.0,176.0,202.0,220.0,308.0,129.0,211.0,196.0,200.0,149.0,128.0,265.0,77.0,76.0,64.0,250.0,203.0,101.0,119.0,218.0,161.0,95.0,272.0,176.0,53.0,79.0,396.0,161.0,0.0,168.0,88.0,169.0,72.0,168.0,72.0,64.0,240.0,261.0,187.0,247.0,186.0,146.0
206.0,238.0,233.0,252.0,172.0,205.0,216.0,276.0,345.0,269.0,199.0,262.0,245.0,217.0,243.0,162.0,295.0,229.0,271.0,252.0,222.0,248.0,190.0,229.0,341.0,222.0,179.0,258.0,310.0,255.0,166.0,229.0,208.0,261.0,169.0,255.0,184.0,49.0,173.0,260.0,322.0,182.0,187.0,188.0,268.0,132.0,297.0,180.0,253.0,249.0,239.0,257.0,297.0,346.0,179.0,187.0,176.0,261.0,276.0,180.0,283.0,154.0,336.0,234.0,240.0,190.0,249.0,258.0,209.0,212.0,221.0,211.0,245.0,255.0,264.0,335.0,111.0,231.0,273.0,279.0,253.0,195.0,253.0,179.0,230.0,164.0,168.0,0.0,193.0,278.0,195.0,305.0,204.0,88.0,332.0,301.0,191.0,302.0,335.0,201.0
132.0,114.0,197.0,188.0,129.0,264.0,135.0,110.0,203.0,191.0,187.0,221.0,221.0,84.0,117.0,142.0,93.0,185.0,167.0,92.0,77.0,47.0,58.0,70.0,178.0,208.0,128.0,162.0,194.0,214.0,218.0,112.0,122.0,143.0,183.0,53.0,195.0,127.0,116.0,103.0,216.0,150.0,204.0,178.0,185.0,207.0,127.0,102.0,167.0,182.0,119.0,112.0,87.0,95.0,20.0,198.0,160.0,192.0,196.0,141.0,182.0,131.0,287.0,251.0,83.0,261.0,122.0,169.0,168.0,133.0,100.0,145.0,116.0,204.0,166.0,153.0,197.0,106.0,126.0,103.0,193.0,197.0,94.0,184.0,167.0,156.0,88.0,193.0,0.0,171.0,158.0,152.0,219.0,187.0,178.0,115.0,114.0,307.0,296.0,222.0
199.0,208.0,275.0,250.0,209.0,259.0,301.0,32.0,175.0,56.0,156.0,325.0,177.0,190.0,258.0,232.0,73.0,150.0,84.0,201.0,252.0,212.0,141.0,229.0,149.0,154.0,216.0,139.0,132.0,103.0,157.0,100.0,215.0,185.0,51.0,135.0,157.0,250.0,167.0,53.0,141.0,160.0,77.0,342.0,175.0,147.0,50.0,197.0,119.0,166.0,120.0,203.0,170.0,76.0,195.0,112.0,209.0,237.0,170.0,220.0,249.0,241.0,219.0,260.0,99.0,135.0,254.0,110.0,234.0,123.0,130.0,204.0,192.0,143.0,198.0,224.0,188.0,134.0,154.0,199.0,187.0,236.0,122.0,189.0,338.0,138.0,169.0,278.0,171.0,0.0,183.0,190.0,154.0,219.0,83.0,71.0,160.0,196.0,211.0,167.0
48.0,114.0,150.0,113.0,176.0,62.0,119.0,206.0,178.0,232.0,116.0,118.0,292.0,222.0,53.0,152.0,171.0,158.0,242.0,90.0,82.0,105.0,54.0,83.0,138.0,137.0,24.0,126.0,150.0,198.0,140.0,120.0,117.0,185.0,122.0,164.0,96.0,50.0,187.0,217.0,148.0,183.0,94.0,157.0,222.0,85.0,109.0,22.0,70.0,141.0,137.0,86.0,131.0,216.0,41.0,154.0,184.0,128.0,281.0,167.0,257.0,91.0,154.0,111.0,228.0,148.0,163.0,141.0,209.0,150.0,204.0,146.0,91.0,157.0,137.0,196.0,105.0,224.0,189.0,160.0,239.0,110.0,229.0,78.0,66.0,154.0,72.0,195.0,158.0,183.0,0.0,106.0,174.0,25.0,218.0,283.0,59.0,243.0,167.0,125.0
167.0,121.0,171.0,109.0,195.0,65.0,69.0,217.0,223.0,196.0,210.0,76.0,239.0,251.0,92.0,63.0,119.0,144.0,183.0,34.0,256.0,101.0,105.0,139.0,112.0,46.0,151.0,123.0,71.0,183.0,110.0,174.0,158.0,187.0,154.0,171.0,60.0,167.0,278.0,268.0,97.0,110.0,71.0,165.0,273.0,139.0,51.0,167.0,133.0,201.0,291.0,167.0,198.0,201.0,23.0,187.0,274.0,152.0,152.0,178.0,345.0,18.0,109.0,256.0,114.0,140.0,213.0,195.0,149.0,141.0,239.0,179.0,122.0,106.0,45.0,253.0,74.0,149.0,247.0,200.0,241.0,149.0,259.0,110.0,90.0,80.0,168.0,305.0,152.0,190.0,106.0,0.0,57.0,140.0,98.0,335.0,183.0,149.0,186.0,54.0
225.0,26.0,192.0,164.0,179.0,93.0,145.0,268.0,235.0,191.0,97.0,155.0,295.0,286.0,134.0,67.0,151.0,170.0,195.0,179.0,202.0,143.0,139.0,192.0,184.0,55.0,216.0,159.0,77.0,146.0,68.0,183.0,198.0,259.0,160.0,85.0,90.0,235.0,265.0,248.0,136.0,105.0,77.0,258.0,230.0,100.0,96.0,304.0,182.0,271.0,161.0,182.0,200.0,231.0,113.0,191.0,231.0,259.0,186.0,201.0,370.0,71.0,145.0,336.0,148.0,151.0,300.0,203.0,176.0,164.0,224.0,189.0,126.0,134.0,110.0,282.0,78.0,120.0,297.0,88.0,291.0,190.0,215.0,133.0,158.0,118.0,72.0,204.0,219.0,154.0,174.0,57.0,0.0,239.0,39.0,280.0,175.0,104.0,250.0,138.0
48.0,56.0,45.0,204.0,159.0,132.0,119.0,279.0,167.0,208.0,111.0,120.0,436.0,136.0,68.0,56.0,176.0,29.0,290.0,198.0,56.0,121.0,24.0,58.0,184.0,178.0,56.0,53.0,188.0,149.0,95.0,176.0,9.0,34.0,103.0,105.0,81.0,50.0,75.0,125.0,114.0,149.0,181.0,112.0,70.0,66.0,159.0,65.0,0.0,259.0,140.0,214.0,45.0,296.0,166.0,193.0,75.0,173.0,248.0,140.0,211.0,46.0,284.0,111.0,200.0,193.0,129.0,142.0,205.0,64.0,245.0,48.0,55.0,139.0,78.0,161.0,117.0,120.0,183.0,28.0,237.0,186.0,156.0,92.0,106.0,143.0,64.0,88.0,187.0,219.0,25.0,140.0,239.0,0.0,186.0,289.0,128.0,211.0,158.0,188.0
224.0,76.0,183.0,128.0,152.0,166.0,113.0,127.0,158.0,157.0,185.0,125.0,231.0,248.0,193.0,122.0,106.0,146.0,71.0,185.0,195.0,127.0,158.0,214.0,178.0,2.0,283.0,144.0,44.0,256.0,74.0,210.0,230.0,233.0,104.0,120.0,134.0,241.0,219.0,134.0,186.0,265.0,205.0,145.0,148.0,70.0,148.0,319.0,148.0,145.0,173.0,86.0,162.0,77.0,122.0,134.0,277.0,207.0,178.0,230.0,299.0,119.0,125.0,186.0,124.0,224.0,241.0,154.0,187.0,198.0,195.0,222.0,115.0,148.0,183.0,268.0,162.0,80.0,177.0,114.0,252.0,191.0,234.0,176.0,144.0,75.0,240.0,332.0,178.0,83.0,218.0,98.0,39.0,186.0,0.0,207.0,222.0,116.0,298.0,109.0
205.0,159.0,238.0,199.0,290.0,298.0,213.0,128.0,195.0,104.0,92.0,360.0,275.0,162.0,288.0,335.0,214.0,237.0,210.0,249.0,263.0,169.0,160.0,267.0,216.0,371.0,263.0,100.0,157.0,148.0,253.0,80.0,172.0,248.0,150.0,90.0,332.0,317.0,113.0,89.0,275.0,246.0,156.0,329.0,212.0,206.0,162.0,246.0,272.0,245.0,128.0,267.0,188.0,50.0,182.0,175.0,257.0,277.0,186.0,239.0,215.0,320.0,285.0,231.0,137.0,176.0,227.0,209.0,249.0,118.0,136.0,116.0,193.0,252.0,273.0,74.0,230.0,227.0,164.0,169.0,302.0,182.0,56.0,195.0,367.0,221.0,261.0,301.0,115.0,71.0,283.0,335.0,280.0,289.0,207.0,0.0,176.0,281.0,242.0,336.0
140.0,232.0,175.0,47.0,156.0,163.0,94.0,137.0,116.0,214.0,108.0,70.0,115.0,164.0,146.0,180.0,104.0,158.0,119.0,159.0,125.0,119.0,123.0,159.0,175.0,63.0,180.0,118.0,138.0,120.0,130.0,125.0,200.0,132.0,106.0,102.0,111.0,109.0,151.0,98.0,262.0,79.0,83.0,252.0,132.0,11.0,198.0,176.0,161.0,96.0,75.0,77.0,136.0,48.0,98.0,86.0,167.0,131.0,251.0,164.0,104.0,146.0,117.0,203.0,130.0,164.0,240.0,111.0,137.0,177.0,202.0,233.0,59.0,306.0,167.0,110.0,67.0,229.0,0.0,194.0,146.0,93.0,155.0,183.0,137.0,154.0,187.0,191.0,114.0,160.0,59.0,183.0,175.0,128.0,222.0,176.0,0.0,169.0,111.0,75.0
226.0,226.0,222.0,209.0,213.0,218.0,184.0,214.0,241.0,186.0,245.0,112.0,204.0,250.0,274.0,176.0,203.0,196.0,128.0,199.0,265.0,216.0,306.0,225.0,171.0,125.0,196.0,123.0,111.0,162.0,132.0,193.0,152.0,270.0,147.0,229.0,175.0,211.0,323.0,167.0,253.0,243.0,114.0,183.0,225.0,196.0,149.0,245.0,223.0,229.0,174.0,201.0,226.0,156.0,216.0,210.0,293.0,272.0,170.0,174.0,264.0,95.0,224.0,235.0,160.0,207.0,381.0,215.0,197.0,251.0,224.0,209.0,208.0,296.0,169.0,224.0,111.0,144.0,252.0,316.0,283.0,290.0,230.0,169.0,290.0,180.0,247.0,302.0,307.0,196.0,243.0,149.0,104.0,211.0,116.0,281.0,169.0,0.0,319.0,100.0
253.0,350.0,129.0,152.0,250.0,280.0,123.0,313.0,174.0,291.0,209.0,125.0,276.0,323.0,214.0,245.0,332.0,211.0,268.0,284.0,237.0,266.0,220.0,376.0,343.0,198.0,235.0,167.0,283.0,108.0,220.0,108.0,200.0,211.0,219.0,280.0,181.0,158.0,290.0,279.0,294.0,202.0,163.0,359.0,124.0,137.0,301.0,176.0,211.0,238.0,286.0,135.0,223.0,260.0,271.0,181.0,253.0,270.0,339.0,279.0,172.0,238.0,248.0,239.0,308.0,228.0,244.0,126.0,229.0,263.0,330.0,278.0,232.0,311.0,286.0,134.0,118.0,359.0,249.0,228.0,323.0,193.0,143.0,224.0,278.0,260.0,186.0,335.0,296.0,211.0,167.0,186.0,250.0,158.0,298.0,242.0,111.0,319.0,0.0,133.0
176.0,200.0,176.0,10.0,167.0,94.0,2.0,250.0,94.0,182.0,144.0,0.0,141.0,238.0,194.0,71.0,82.0,250.0,91.0,71.0,214.0,183.0,176.0,135.0,125.0,0.0,131.0,133.0,125.0,89.0,29.0,71.0,176.0,188.0,122.0,157.0,67.0,125.0,281.0,214.0,179.0,47.0,0.0,202.0,175.0,92.0,98.0,179.0,231.0,142.0,204.0,104.0,140.0,101.0,77.0,147.0,181.0,178.0,185.0,143.0,192.0,111.0,40.0,179.0,99.0,71.0,308.0,54.0,60.0,262.0,236.0,235.0,69.0,200.0,167.0,169.0,0.0,231.0,160.0,188.0,109.0,103.0,229.0,168.0,150.0,111.0,146.0,201.0,222.0,167.0,125.0,54.0,138.0,188.0,109.0,336.0,75.0,100.0,133.0,0.0
