0,3887,7814,11675,15506,19369,23186,27007,30874,34735,38516,42343,46236,50083,53822,57619,61434,65243,69174,72985,76832,80765,84650,88543,92424,96297,100168,104077,107992,111895,115620,119455,123384,127311,131202,134989,138824,142699,146646,150491,154406,158291,162068,165921,169694,173497,177384,181251,185072,188811,192762,196619,200612,204449,208324,212175,215992,219775,223604,227417,231160,235015,238770,242661,246562,250445,254356,258329,262082,265899,269766,273627,277406,281295,285130,288983,292818,296681,300494,304379,308170,311981,315836,319667,323578,327405,331140,334989,338814,342733,346708,350593,354392,358243,362132,366025,369948,373801,377736,381613
0.0,325.0,305.0,298.0,302.0,304.0,309.0,287.0,302.0,299.0,283.0,300.0,320.0,312.0,299.0,300.0,291.0,301.0,321.0,299.0,300.0,314.0,319.0,302.0,308.0,301.0,312.0,292.0,316.0,287.0,307.0,288.0,338.0,286.0,307.0,296.0,324.0,293.0,288.0,305.0,292.0,298.0,309.0,299.0,300.0,325.0,314.0,286.0,309.0,304.0,298.0,323.0,301.0,300.0,304.0,300.0,308.0,317.0,282.0,296.0,319.0,297.0,309.0,293.0,306.0,329.0,328.0,328.0,313.0,310.0,285.0,328.0,300.0,315.0,302.0,308.0,324.0,305.0,301.0,330.0,282.0,290.0,315.0,320.0,301.0,301.0,276.0,274.0,307.0,295.0,302.0,299.0,323.0,299.0,312.0,318.0,321.0,322.0,305.0,307.0
325.0,0.0,316.0,315.0,287.0,319.0,324.0,302.0,341.0,324.0,330.0,329.0,293.0,339.0,322.0,331.0,322.0,310.0,320.0,286.0,313.0,319.0,342.0,311.0,313.0,330.0,333.0,311.0,309.0,336.0,336.0,325.0,365.0,349.0,306.0,293.0,333.0,312.0,309.0,318.0,317.0,305.0,344.0,330.0,317.0,328.0,323.0,313.0,310.0,339.0,331.0,326.0,316.0,323.0,297.0,337.0,321.0,322.0,307.0,301.0,320.0,316.0,302.0,318.0,327.0,298.0,355.0,327.0,328.0,331.0,320.0,307.0,323.0,312.0,313.0,311.0,323.0,318.0,324.0,325.0,297.0,317.0,332.0,315.0,302.0,334.0,321.0,313.0,318.0,312.0,335.0,310.0,334.0,320.0,311.0,303.0,324.0,311.0,306.0,328.0
305.0,316.0,0.0,307.0,315.0,289.0,292.0,286.0,297.0,294.0,270.0,311.0,285.0,329.0,308.0,327.0,304.0,312.0,306.0,288.0,315.0,293.0,308.0,291.0,305.0,296.0,295.0,287.0,299.0,290.0,308.0,279.0,303.0,299.0,284.0,297.0,315.0,298.0,291.0,322.0,299.0,303.0,308.0,288.0,317.0,300.0,327.0,291.0,294.0,301.0,317.0,314.0,310.0,285.0,295.0,295.0,317.0,308.0,279.0,297.0,294.0,296.0,282.0,294.0,303.0,286.0,301.0,299.0,322.0,305.0,302.0,299.0,315.0,304.0,289.0,311.0,311.0,292.0,292.0,317.0,287.0,327.0,314.0,303.0,286.0,306.0,307.0,287.0,308.0,298.0,319.0,302.0,314.0,284.0,301.0,299.0,316.0,301.0,306.0,318.0
298.0,315.0,307.0,0.0,284.0,290.0,293.0,307.0,308.0,307.0,293.0,278.0,298.0,304.0,289.0,294.0,289.0,315.0,317.0,297.0,308.0,286.0,299.0,304.0,282.0,305.0,298.0,298.0,294.0,289.0,279.0,298.0,328.0,298.0,297.0,296.0,316.0,305.0,312.0,305.0,308.0,296.0,299.0,305.0,304.0,295.0,306.0,306.0,275.0,314.0,286.0,311.0,281.0,294.0,302.0,290.0,312.0,307.0,292.0,312.0,319.0,295.0,273.0,303.0,304.0,281.0,302.0,310.0,319.0,314.0,293.0,308.0,310.0,299.0,282.0,300.0,306.0,313.0,303.0,306.0,310.0,304.0,305.0,310.0,301.0,293.0,286.0,276.0,301.0,303.0,302.0,297.0,311.0,313.0,288.0,296.0,329.0,304.0,305.0,319.0
302.0,287.0,315.0,284.0,0.0,294.0,307.0,279.0,328.0,315.0,309.0,314.0,282.0,310.0,327.0,318.0,289.0,301.0,293.0,293.0,292.0,278.0,309.0,300.0,276.0,309.0,300.0,306.0,300.0,287.0,317.0,302.0,316.0,302.0,297.0,298.0,304.0,313.0,298.0,303.0,296.0,282.0,297.0,315.0,306.0,325.0,294.0,304.0,281.0,314.0,290.0,329.0,283.0,288.0,294.0,316.0,288.0,303.0,276.0,306.0,305.0,299.0,303.0,299.0,312.0,309.0,318.0,318.0,317.0,316.0,267.0,322.0,294.0,307.0,302.0,288.0,322.0,301.0,271.0,334.0,298.0,302.0,315.0,304.0,287.0,293.0,316.0,296.0,309.0,307.0,302.0,295.0,309.0,305.0,318.0,324.0,315.0,290.0,313.0,315.0
304.0,319.0,289.0,290.0,294.0,0.0,295.0,279.0,336.0,325.0,289.0,314.0,300.0,308.0,305.0,308.0,299.0,307.0,297.0,279.0,304.0,284.0,319.0,290.0,296.0,309.0,312.0,314.0,312.0,283.0,293.0,316.0,308.0,296.0,303.0,298.0,312.0,281.0,294.0,297.0,306.0,286.0,327.0,279.0,302.0,311.0,302.0,296.0,287.0,298.0,310.0,327.0,287.0,300.0,292.0,282.0,298.0,309.0,286.0,292.0,289.0,295.0,299.0,277.0,300.0,291.0,288.0,330.0,293.0,314.0,307.0,298.0,302.0,299.0,292.0,298.0,292.0,303.0,261.0,326.0,268.0,308.0,289.0,286.0,299.0,305.0,318.0,288.0,299.0,301.0,316.0,301.0,291.0,287.0,310.0,312.0,299.0,304.0,301.0,301.0
309.0,324.0,292.0,293.0,307.0,295.0,0.0,308.0,323.0,316.0,278.0,295.0,315.0,313.0,316.0,339.0,316.0,302.0,294.0,296.0,305.0,317.0,318.0,323.0,281.0,284.0,293.0,299.0,309.0,316.0,296.0,311.0,317.0,311.0,300.0,299.0,307.0,288.0,331.0,318.0,313.0,283.0,296.0,306.0,317.0,312.0,315.0,309.0,304.0,309.0,295.0,320.0,292.0,313.0,293.0,287.0,315.0,318.0,305.0,311.0,312.0,306.0,314.0,306.0,285.0,330.0,305.0,323.0,294.0,307.0,288.0,297.0,303.0,312.0,289.0,311.0,323.0,298.0,308.0,311.0,293.0,325.0,310.0,305.0,296.0,312.0,317.0,287.0,302.0,304.0,317.0,296.0,314.0,318.0,307.0,301.0,302.0,293.0,312.0,312.0
287.0,302.0,286.0,307.0,279.0,279.0,308.0,0.0,305.0,308.0,280.0,299.0,297.0,317.0,294.0,317.0,296.0,294.0,312.0,288.0,293.0,313.0,302.0,285.0,295.0,322.0,291.0,295.0,317.0,302.0,296.0,289.0,323.0,303.0,294.0,311.0,287.0,276.0,303.0,310.0,307.0,293.0,294.0,330.0,317.0,292.0,289.0,307.0,294.0,299.0,321.0,296.0,290.0,285.0,281.0,289.0,311.0,298.0,281.0,299.0,304.0,292.0,278.0,286.0,295.0,296.0,303.0,293.0,308.0,279.0,276.0,293.0,315.0,296.0,281.0,309.0,325.0,290.0,284.0,309.0,285.0,293.0,318.0,285.0,306.0,316.0,315.0,293.0,298.0,298.0,319.0,290.0,296.0,292.0,295.0,301.0,286.0,289.0,312.0,314.0
302.0,341.0,297.0,308.0,328.0,336.0,323.0,305.0,0.0,321.0,319.0,284.0,310.0,316.0,323.0,314.0,325.0,315.0,321.0,311.0,326.0,324.0,325.0,300.0,294.0,307.0,318.0,314.0,330.0,325.0,301.0,300.0,336.0,314.0,325.0,308.0,332.0,281.0,318.0,321.0,330.0,326.0,335.0,337.0,334.0,331.0,334.0,300.0,313.0,318.0,332.0,317.0,321.0,320.0,300.0,310.0,318.0,337.0,294.0,294.0,331.0,327.0,307.0,303.0,304.0,297.0,300.0,322.0,337.0,312.0,319.0,298.0,308.0,299.0,318.0,326.0,350.0,297.0,301.0,336.0,312.0,314.0,321.0,310.0,313.0,333.0,304.0,288.0,299.0,299.0,324.0,309.0,307.0,307.0,330.0,326.0,337.0,296.0,315.0,295.0
299.0,324.0,294.0,307.0,315.0,325.0,316.0,308.0,321.0,0.0,316.0,329.0,315.0,319.0,314.0,315.0,318.0,312.0,320.0,314.0,309.0,321.0,288.0,341.0,297.0,304.0,317.0,287.0,309.0,294.0,324.0,305.0,323.0,301.0,294.0,309.0,305.0,312.0,307.0,330.0,315.0,311.0,328.0,298.0,321.0,314.0,301.0,307.0,312.0,313.0,317.0,308.0,314.0,317.0,315.0,305.0,321.0,302.0,293.0,275.0,318.0,304.0,306.0,306.0,321.0,316.0,311.0,301.0,322.0,319.0,314.0,299.0,307.0,312.0,309.0,305.0,337.0,308.0,312.0,301.0,295.0,315.0,304.0,319.0,320.0,318.0,325.0,299.0,320.0,322.0,341.0,338.0,320.0,308.0,321.0,295.0,300.0,309.0,336.0,350.0
283.0,330.0,270.0,293.0,309.0,289.0,278.0,280.0,319.0,316.0,0.0,297.0,295.0,315.0,302.0,309.0,290.0,318.0,310.0,282.0,305.0,289.0,300.0,303.0,293.0,276.0,305.0,287.0,289.0,278.0,272.0,289.0,317.0,293.0,300.0,313.0,285.0,288.0,297.0,312.0,283.0,289.0,276.0,280.0,301.0,298.0,283.0,287.0,310.0,311.0,299.0,264.0,300.0,285.0,279.0,287.0,281.0,320.0,293.0,293.0,284.0,312.0,280.0,284.0,311.0,314.0,305.0,305.0,298.0,273.0,282.0,299.0,297.0,288.0,301.0,305.0,313.0,290.0,284.0,311.0,291.0,315.0,290.0,291.0,284.0,304.0,287.0,273.0,302.0,290.0,299.0,290.0,310.0,292.0,291.0,305.0,312.0,297.0,280.0,314.0
300.0,329.0,311.0,278.0,314.0,314.0,295.0,299.0,284.0,329.0,297.0,0.0,280.0,310.0,287.0,310.0,297.0,303.0,311.0,309.0,302.0,300.0,295.0,264.0,288.0,287.0,300.0,274.0,308.0,299.0,305.0,292.0,332.0,298.0,319.0,304.0,318.0,293.0,318.0,331.0,318.0,292.0,285.0,335.0,298.0,331.0,306.0,300.0,301.0,330.0,318.0,321.0,309.0,302.0,272.0,306.0,326.0,319.0,294.0,280.0,303.0,335.0,275.0,281.0,302.0,317.0,316.0,310.0,335.0,294.0,301.0,272.0,304.0,301.0,274.0,306.0,330.0,303.0,289.0,314.0,300.0,298.0,291.0,306.0,291.0,311.0,304.0,286.0,299.0,297.0,316.0,283.0,307.0,315.0,284.0,306.0,323.0,284.0,311.0,321.0
320.0,293.0,285.0,298.0,282.0,300.0,315.0,297.0,310.0,315.0,295.0,280.0,0.0,322.0,295.0,296.0,309.0,301.0,315.0,295.0,306.0,290.0,303.0,286.0,290.0,293.0,256.0,274.0,296.0,291.0,319.0,286.0,324.0,296.0,331.0,312.0,332.0,285.0,300.0,315.0,306.0,302.0,319.0,299.0,306.0,319.0,280.0,296.0,301.0,320.0,312.0,307.0,299.0,298.0,292.0,312.0,296.0,305.0,310.0,306.0,303.0,315.0,279.0,297.0,308.0,305.0,310.0,294.0,319.0,280.0,297.0,316.0,308.0,307.0,278.0,288.0,304.0,293.0,295.0,300.0,294.0,290.0,307.0,308.0,261.0,315.0,316.0,288.0,311.0,319.0,306.0,291.0,313.0,311.0,310.0,314.0,297.0,284.0,299.0,319.0
312.0,339.0,329.0,304.0,310.0,308.0,313.0,317.0,316.0,319.0,315.0,310.0,322.0,0.0,331.0,342.0,319.0,323.0,319.0,305.0,296.0,298.0,319.0,308.0,320.0,313.0,304.0,296.0,326.0,311.0,313.0,296.0,342.0,310.0,301.0,312.0,330.0,303.0,304.0,329.0,308.0,290.0,323.0,311.0,326.0,315.0,314.0,312.0,325.0,320.0,314.0,333.0,299.0,308.0,296.0,288.0,294.0,313.0,308.0,300.0,315.0,313.0,301.0,311.0,306.0,325.0,304.0,320.0,315.0,322.0,339.0,326.0,352.0,317.0,288.0,316.0,286.0,317.0,293.0,338.0,304.0,308.0,337.0,326.0,327.0,341.0,322.0,318.0,297.0,311.0,296.0,301.0,311.0,319.0,338.0,310.0,323.0,320.0,305.0,321.0
299.0,322.0,308.0,289.0,327.0,305.0,316.0,294.0,323.0,314.0,302.0,287.0,295.0,331.0,0.0,303.0,302.0,296.0,320.0,300.0,309.0,301.0,318.0,325.0,327.0,306.0,297.0,313.0,313.0,318.0,310.0,305.0,337.0,297.0,322.0,323.0,313.0,300.0,329.0,312.0,327.0,319.0,340.0,304.0,321.0,328.0,313.0,293.0,310.0,305.0,283.0,314.0,302.0,327.0,309.0,315.0,327.0,308.0,311.0,311.0,312.0,294.0,300.0,326.0,307.0,334.0,319.0,319.0,332.0,293.0,288.0,305.0,315.0,310.0,307.0,313.0,315.0,322.0,318.0,327.0,321.0,303.0,310.0,305.0,312.0,316.0,315.0,289.0,310.0,318.0,305.0,306.0,314.0,308.0,329.0,325.0,306.0,299.0,322.0,316.0
300.0,331.0,327.0,294.0,318.0,308.0,339.0,317.0,314.0,315.0,309.0,310.0,296.0,342.0,303.0,0.0,301.0,311.0,317.0,289.0,292.0,304.0,321.0,332.0,304.0,317.0,310.0,314.0,302.0,297.0,319.0,310.0,340.0,316.0,319.0,310.0,328.0,303.0,322.0,323.0,308.0,284.0,305.0,297.0,312.0,303.0,306.0,302.0,295.0,314.0,310.0,311.0,315.0,300.0,316.0,292.0,294.0,309.0,306.0,298.0,329.0,305.0,301.0,307.0,300.0,295.0,324.0,302.0,313.0,310.0,311.0,322.0,332.0,333.0,322.0,306.0,326.0,315.0,317.0,322.0,306.0,300.0,337.0,302.0,297.0,319.0,322.0,290.0,303.0,311.0,306.0,315.0,307.0,287.0,322.0,324.0,313.0,324.0,283.0,323.0
291.0,322.0,304.0,289.0,289.0,299.0,316.0,296.0,325.0,318.0,290.0,297.0,309.0,319.0,302.0,301.0,0.0,284.0,316.0,294.0,303.0,295.0,306.0,305.0,327.0,296.0,301.0,291.0,313.0,306.0,314.0,273.0,321.0,293.0,296.0,305.0,285.0,306.0,301.0,312.0,273.0,291.0,314.0,288.0,291.0,312.0,301.0,265.0,294.0,281.0,277.0,316.0,310.0,307.0,291.0,317.0,301.0,300.0,295.0,293.0,290.0,300.0,282.0,272.0,319.0,310.0,291.0,309.0,338.0,299.0,304.0,317.0,301.0,320.0,307.0,283.0,311.0,308.0,286.0,315.0,327.0,295.0,292.0,311.0,310.0,312.0,293.0,279.0,276.0,316.0,301.0,304.0,296.0,302.0,311.0,295.0,304.0,299.0,290.0,310.0
301.0,310.0,312.0,315.0,301.0,307.0,302.0,294.0,315.0,312.0,318.0,303.0,301.0,323.0,296.0,311.0,284.0,0.0,316.0,282.0,321.0,309.0,296.0,313.0,289.0,318.0,325.0,319.0,321.0,318.0,334.0,301.0,351.0,291.0,312.0,329.0,305.0,306.0,297.0,326.0,303.0,319.0,306.0,314.0,295.0,318.0,321.0,285.0,298.0,307.0,331.0,308.0,298.0,303.0,289.0,283.0,313.0,294.0,297.0,299.0,308.0,304.0,298.0,312.0,311.0,314.0,321.0,333.0,326.0,309.0,296.0,305.0,309.0,310.0,297.0,315.0,325.0,294.0,292.0,313.0,319.0,295.0,326.0,319.0,310.0,298.0,309.0,297.0,290.0,304.0,309.0,292.0,278.0,298.0,323.0,325.0,314.0,325.0,326.0,326.0
321.0,320.0,306.0,317.0,293.0,297.0,294.0,312.0,321.0,320.0,310.0,311.0,315.0,319.0,320.0,317.0,316.0,316.0,0.0,310.0,335.0,325.0,298.0,339.0,311.0,320.0,321.0,305.0,337.0,312.0,332.0,327.0,343.0,321.0,316.0,307.0,341.0,330.0,319.0,320.0,315.0,325.0,320.0,308.0,337.0,330.0,339.0,295.0,326.0,305.0,317.0,350.0,308.0,313.0,331.0,317.0,303.0,324.0,307.0,293.0,318.0,324.0,294.0,316.0,315.0,314.0,319.0,331.0,340.0,311.0,294.0,327.0,327.0,336.0,301.0,343.0,325.0,320.0,298.0,325.0,307.0,327.0,308.0,309.0,324.0,316.0,327.0,299.0,324.0,320.0,307.0,328.0,314.0,308.0,333.0,303.0,346.0,321.0,320.0,322.0
299.0,286.0,288.0,297.0,293.0,279.0,296.0,288.0,311.0,314.0,282.0,309.0,295.0,305.0,300.0,289.0,294.0,282.0,310.0,0.0,295.0,291.0,318.0,323.0,283.0,288.0,287.0,303.0,317.0,290.0,290.0,289.0,339.0,309.0,318.0,323.0,309.0,308.0,295.0,302.0,273.0,281.0,296.0,278.0,303.0,322.0,279.0,267.0,288.0,295.0,299.0,298.0,286.0,295.0,279.0,275.0,291.0,288.0,313.0,281.0,292.0,298.0,288.0,284.0,285.0,308.0,313.0,317.0,306.0,289.0,270.0,301.0,327.0,300.0,291.0,289.0,295.0,296.0,292.0,329.0,283.0,305.0,302.0,285.0,300.0,310.0,295.0,281.0,298.0,302.0,287.0,294.0,320.0,294.0,289.0,327.0,314.0,291.0,288.0,310.0
300.0,313.0,315.0,308.0,292.0,304.0,305.0,293.0,326.0,309.0,305.0,302.0,306.0,296.0,309.0,292.0,303.0,321.0,335.0,295.0,0.0,312.0,319.0,324.0,312.0,325.0,306.0,306.0,314.0,299.0,319.0,304.0,336.0,318.0,305.0,322.0,318.0,301.0,308.0,297.0,306.0,304.0,319.0,313.0,330.0,301.0,294.0,288.0,279.0,318.0,314.0,335.0,323.0,298.0,304.0,316.0,314.0,309.0,306.0,296.0,279.0,305.0,305.0,297.0,282.0,315.0,314.0,320.0,321.0,306.0,327.0,302.0,326.0,305.0,296.0,288.0,314.0,337.0,305.0,344.0,316.0,304.0,305.0,300.0,319.0,321.0,336.0,302.0,287.0,291.0,332.0,315.0,299.0,321.0,316.0,318.0,343.0,316.0,311.0,327.0
314.0,319.0,293.0,286.0,278.0,284.0,317.0,313.0,324.0,321.0,289.0,300.0,290.0,298.0,301.0,304.0,295.0,309.0,325.0,291.0,312.0,0.0,301.0,304.0,302.0,307.0,310.0,294.0,322.0,291.0,311.0,296.0,328.0,320.0,287.0,298.0,302.0,297.0,320.0,327.0,290.0,300.0,305.0,307.0,322.0,313.0,302.0,310.0,291.0,324.0,304.0,325.0,317.0,310.0,300.0,298.0,308.0,323.0,300.0,296.0,305.0,301.0,287.0,297.0,298.0,303.0,326.0,312.0,307.0,314.0,317.0,308.0,318.0,315.0,272.0,292.0,300.0,311.0,285.0,328.0,304.0,290.0,313.0,310.0,303.0,309.0,294.0,286.0,323.0,319.0,298.0,305.0,305.0,301.0,334.0,316.0,319.0,300.0,315.0,313.0
319.0,342.0,308.0,299.0,309.0,319.0,318.0,302.0,325.0,288.0,300.0,295.0,303.0,319.0,318.0,321.0,306.0,296.0,298.0,318.0,319.0,301.0,0.0,313.0,303.0,304.0,323.0,291.0,315.0,296.0,306.0,303.0,331.0,321.0,324.0,341.0,325.0,282.0,301.0,320.0,323.0,319.0,300.0,342.0,303.0,336.0,309.0,303.0,306.0,299.0,315.0,304.0,310.0,305.0,297.0,315.0,301.0,306.0,303.0,315.0,320.0,320.0,294.0,316.0,329.0,314.0,325.0,321.0,328.0,303.0,320.0,323.0,329.0,320.0,295.0,289.0,331.0,322.0,314.0,313.0,299.0,315.0,326.0,321.0,308.0,322.0,303.0,297.0,284.0,306.0,303.0,328.0,296.0,304.0,319.0,297.0,332.0,309.0,300.0,314.0
302.0,311.0,291.0,304.0,300.0,290.0,323.0,285.0,300.0,341.0,303.0,264.0,286.0,308.0,325.0,332.0,305.0,313.0,339.0,323.0,324.0,304.0,313.0,0.0,288.0,297.0,296.0,292.0,312.0,299.0,319.0,310.0,322.0,294.0,305.0,318.0,312.0,283.0,310.0,339.0,308.0,280.0,315.0,313.0,316.0,313.0,306.0,314.0,303.0,330.0,322.0,301.0,315.0,286.0,288.0,294.0,306.0,305.0,300.0,294.0,311.0,305.0,307.0,279.0,332.0,313.0,302.0,310.0,327.0,312.0,311.0,296.0,310.0,307.0,306.0,296.0,312.0,311.0,293.0,314.0,304.0,296.0,321.0,314.0,303.0,307.0,324.0,298.0,309.0,307.0,320.0,275.0,299.0,315.0,296.0,332.0,297.0,302.0,313.0,313.0
308.0,313.0,305.0,282.0,276.0,296.0,281.0,295.0,294.0,297.0,293.0,288.0,290.0,320.0,327.0,304.0,327.0,289.0,311.0,283.0,312.0,302.0,303.0,288.0,0.0,293.0,276.0,308.0,314.0,281.0,309.0,290.0,320.0,282.0,309.0,304.0,306.0,269.0,278.0,315.0,290.0,286.0,293.0,305.0,302.0,293.0,294.0,294.0,303.0,298.0,298.0,301.0,307.0,296.0,278.0,294.0,302.0,309.0,266.0,296.0,311.0,317.0,289.0,291.0,288.0,313.0,306.0,292.0,317.0,288.0,291.0,298.0,318.0,289.0,290.0,286.0,324.0,291.0,285.0,288.0,302.0,302.0,311.0,292.0,305.0,305.0,296.0,270.0,295.0,279.0,306.0,289.0,297.0,299.0,280.0,316.0,319.0,280.0,301.0,297.0
301.0,330.0,296.0,305.0,309.0,309.0,284.0,322.0,307.0,304.0,276.0,287.0,293.0,313.0,306.0,317.0,296.0,318.0,320.0,288.0,325.0,307.0,304.0,297.0,293.0,0.0,303.0,305.0,299.0,308.0,338.0,279.0,325.0,297.0,314.0,309.0,327.0,300.0,307.0,328.0,305.0,303.0,310.0,310.0,313.0,322.0,291.0,315.0,302.0,307.0,311.0,310.0,298.0,293.0,309.0,267.0,301.0,310.0,303.0,305.0,322.0,320.0,302.0,284.0,307.0,320.0,329.0,305.0,306.0,293.0,304.0,303.0,309.0,310.0,295.0,305.0,331.0,290.0,316.0,319.0,297.0,311.0,320.0,293.0,310.0,316.0,303.0,295.0,296.0,292.0,315.0,294.0,332.0,326.0,309.0,299.0,296.0,323.0,320.0,334.0
312.0,333.0,295.0,298.0,300.0,312.0,293.0,291.0,318.0,317.0,305.0,300.0,256.0,304.0,297.0,310.0,301.0,325.0,321.0,287.0,306.0,310.0,323.0,296.0,276.0,303.0,0.0,312.0,322.0,281.0,301.0,304.0,312.0,296.0,325.0,310.0,302.0,299.0,296.0,313.0,332.0,296.0,331.0,313.0,320.0,299.0,296.0,298.0,309.0,302.0,298.0,311.0,293.0,288.0,286.0,300.0,302.0,299.0,302.0,308.0,309.0,317.0,307.0,305.0,296.0,315.0,310.0,314.0,301.0,292.0,285.0,322.0,310.0,313.0,314.0,304.0,320.0,319.0,287.0,308.0,316.0,306.0,329.0,276.0,307.0,307.0,290.0,284.0,309.0,321.0,290.0,301.0,313.0,291.0,314.0,326.0,313.0,288.0,319.0,345.0
292.0,311.0,287.0,298.0,306.0,314.0,299.0,295.0,314.0,287.0,287.0,274.0,274.0,296.0,313.0,314.0,291.0,319.0,305.0,303.0,306.0,294.0,291.0,292.0,308.0,305.0,312.0,0.0,306.0,301.0,325.0,296.0,320.0,300.0,311.0,288.0,330.0,305.0,312.0,309.0,288.0,274.0,289.0,311.0,310.0,307.0,292.0,296.0,315.0,314.0,296.0,309.0,269.0,308.0,276.0,286.0,282.0,323.0,290.0,288.0,275.0,321.0,279.0,291.0,286.0,319.0,310.0,290.0,305.0,296.0,305.0,306.0,322.0,291.0,306.0,328.0,308.0,305.0,285.0,322.0,278.0,324.0,313.0,316.0,285.0,311.0,316.0,292.0,325.0,323.0,312.0,301.0,333.0,279.0,302.0,276.0,271.0,282.0,303.0,307.0
316.0,309.0,299.0,294.0,300.0,312.0,309.0,317.0,330.0,309.0,289.0,308.0,296.0,326.0,313.0,302.0,313.0,321.0,337.0,317.0,314.0,322.0,315.0,312.0,314.0,299.0,322.0,306.0,0.0,287.0,331.0,308.0,338.0,322.0,297.0,306.0,322.0,303.0,310.0,343.0,318.0,302.0,295.0,301.0,318.0,301.0,298.0,302.0,301.0,322.0,326.0,317.0,311.0,306.0,304.0,312.0,316.0,313.0,302.0,308.0,315.0,299.0,279.0,307.0,322.0,297.0,314.0,320.0,311.0,320.0,307.0,330.0,320.0,311.0,282.0,328.0,320.0,289.0,313.0,310.0,300.0,302.0,295.0,308.0,305.0,311.0,308.0,316.0,291.0,319.0,312.0,307.0,325.0,323.0,322.0,304.0,297.0,306.0,315.0,313.0
287.0,336.0,290.0,289.0,287.0,283.0,316.0,302.0,325.0,294.0,278.0,299.0,291.0,311.0,318.0,297.0,306.0,318.0,312.0,290.0,299.0,291.0,296.0,299.0,281.0,308.0,281.0,301.0,287.0,0.0,290.0,269.0,311.0,291.0,304.0,303.0,315.0,298.0,303.0,316.0,305.0,293.0,298.0,300.0,321.0,316.0,297.0,303.0,274.0,303.0,287.0,310.0,286.0,303.0,309.0,279.0,297.0,296.0,295.0,295.0,294.0,308.0,288.0,296.0,329.0,310.0,315.0,317.0,316.0,313.0,296.0,301.0,311.0,290.0,277.0,297.0,309.0,306.0,292.0,279.0,265.0,299.0,318.0,303.0,312.0,304.0,291.0,287.0,306.0,324.0,317.0,278.0,300.0,298.0,291.0,327.0,306.0,311.0,300.0,324.0
307.0,336.0,308.0,279.0,317.0,293.0,296.0,296.0,301.0,324.0,272.0,305.0,319.0,313.0,310.0,319.0,314.0,334.0,332.0,290.0,319.0,311.0,306.0,319.0,309.0,338.0,301.0,325.0,331.0,290.0,0.0,319.0,319.0,289.0,336.0,307.0,317.0,286.0,303.0,312.0,307.0,291.0,302.0,324.0,335.0,302.0,323.0,319.0,286.0,297.0,317.0,300.0,300.0,317.0,303.0,303.0,331.0,312.0,307.0,315.0,312.0,288.0,294.0,288.0,335.0,286.0,321.0,327.0,318.0,297.0,324.0,299.0,337.0,314.0,293.0,315.0,313.0,298.0,330.0,317.0,281.0,325.0,318.0,309.0,312.0,320.0,299.0,279.0,300.0,320.0,311.0,314.0,296.0,328.0,303.0,327.0,332.0,297.0,320.0,328.0
288.0,325.0,279.0,298.0,302.0,316.0,311.0,289.0,300.0,305.0,289.0,292.0,286.0,296.0,305.0,310.0,273.0,301.0,327.0,289.0,304.0,296.0,303.0,310.0,290.0,279.0,304.0,296.0,308.0,269.0,319.0,0.0,316.0,278.0,303.0,284.0,292.0,285.0,302.0,315.0,290.0,286.0,273.0,315.0,300.0,319.0,288.0,274.0,271.0,316.0,326.0,315.0,299.0,298.0,296.0,272.0,290.0,301.0,282.0,294.0,299.0,305.0,283.0,305.0,298.0,285.0,308.0,288.0,301.0,298.0,281.0,300.0,294.0,289.0,278.0,292.0,300.0,307.0,297.0,312.0,308.0,284.0,321.0,282.0,297.0,307.0,288.0,280.0,277.0,307.0,292.0,299.0,277.0,275.0,314.0,290.0,299.0,310.0,301.0,307.0
338.0,365.0,303.0,328.0,316.0,308.0,317.0,323.0,336.0,323.0,317.0,332.0,324.0,342.0,337.0,340.0,321.0,351.0,343.0,339.0,336.0,328.0,331.0,322.0,320.0,325.0,312.0,320.0,338.0,311.0,319.0,316.0,0.0,320.0,335.0,328.0,340.0,301.0,304.0,337.0,332.0,312.0,347.0,327.0,314.0,339.0,326.0,316.0,331.0,328.0,332.0,341.0,323.0,340.0,320.0,342.0,316.0,325.0,326.0,310.0,353.0,301.0,315.0,339.0,338.0,337.0,334.0,310.0,331.0,332.0,319.0,336.0,318.0,333.0,324.0,314.0,324.0,321.0,333.0,320.0,288.0,314.0,323.0,330.0,323.0,347.0,304.0,330.0,353.0,317.0,322.0,317.0,313.0,307.0,336.0,322.0,307.0,326.0,321.0,347.0
286.0,349.0,299.0,298.0,302.0,296.0,311.0,303.0,314.0,301.0,293.0,298.0,296.0,310.0,297.0,316.0,293.0,291.0,321.0,309.0,318.0,320.0,321.0,294.0,282.0,297.0,296.0,300.0,322.0,291.0,289.0,278.0,320.0,0.0,325.0,312.0,306.0,293.0,318.0,309.0,310.0,286.0,299.0,309.0,310.0,307.0,312.0,278.0,309.0,308.0,308.0,293.0,299.0,268.0,302.0,274.0,336.0,301.0,292.0,302.0,307.0,285.0,289.0,307.0,312.0,309.0,300.0,316.0,301.0,304.0,311.0,318.0,282.0,285.0,298.0,298.0,332.0,297.0,317.0,310.0,302.0,308.0,303.0,312.0,313.0,313.0,304.0,286.0,289.0,317.0,306.0,307.0,311.0,299.0,294.0,306.0,313.0,302.0,331.0,317.0
307.0,306.0,284.0,297.0,297.0,303.0,300.0,294.0,325.0,294.0,300.0,319.0,331.0,301.0,322.0,319.0,296.0,312.0,316.0,318.0,305.0,287.0,324.0,305.0,309.0,314.0,325.0,311.0,297.0,304.0,336.0,303.0,335.0,325.0,0.0,297.0,321.0,302.0,317.0,312.0,299.0,287.0,316.0,306.0,347.0,282.0,309.0,319.0,304.0,335.0,301.0,324.0,294.0,305.0,285.0,285.0,319.0,306.0,315.0,299.0,276.0,306.0,298.0,286.0,309.0,294.0,301.0,307.0,304.0,293.0,308.0,301.0,325.0,308.0,271.0,293.0,325.0,314.0,298.0,327.0,297.0,301.0,298.0,303.0,332.0,286.0,339.0,325.0,322.0,328.0,305.0,318.0,322.0,302.0,315.0,281.0,298.0,315.0,314.0,318.0
296.0,293.0,297.0,296.0,298.0,298.0,299.0,311.0,308.0,309.0,313.0,304.0,312.0,312.0,323.0,310.0,305.0,329.0,307.0,323.0,322.0,298.0,341.0,318.0,304.0,309.0,310.0,288.0,306.0,303.0,307.0,284.0,328.0,312.0,297.0,0.0,318.0,305.0,306.0,303.0,302.0,272.0,305.0,311.0,320.0,293.0,294.0,282.0,327.0,320.0,332.0,319.0,305.0,300.0,296.0,302.0,304.0,319.0,288.0,286.0,299.0,311.0,287.0,303.0,268.0,333.0,314.0,318.0,307.0,308.0,319.0,310.0,302.0,317.0,294.0,324.0,342.0,313.0,319.0,350.0,280.0,276.0,305.0,296.0,307.0,313.0,312.0,296.0,309.0,309.0,334.0,289.0,327.0,315.0,306.0,304.0,293.0,292.0,311.0,317.0
324.0,333.0,315.0,316.0,304.0,312.0,307.0,287.0,332.0,305.0,285.0,318.0,332.0,330.0,313.0,328.0,285.0,305.0,341.0,309.0,318.0,302.0,325.0,312.0,306.0,327.0,302.0,330.0,322.0,315.0,317.0,292.0,340.0,306.0,321.0,318.0,0.0,301.0,326.0,309.0,312.0,298.0,319.0,303.0,282.0,313.0,304.0,318.0,303.0,316.0,324.0,293.0,309.0,300.0,320.0,306.0,300.0,309.0,300.0,334.0,303.0,305.0,311.0,303.0,294.0,323.0,316.0,326.0,329.0,322.0,297.0,318.0,326.0,311.0,314.0,300.0,330.0,317.0,305.0,314.0,320.0,314.0,317.0,314.0,315.0,305.0,292.0,316.0,305.0,301.0,318.0,313.0,297.0,315.0,334.0,324.0,317.0,298.0,325.0,343.0
293.0,312.0,298.0,305.0,313.0,281.0,288.0,276.0,281.0,312.0,288.0,293.0,285.0,303.0,300.0,303.0,306.0,306.0,330.0,308.0,301.0,297.0,282.0,283.0,269.0,300.0,299.0,305.0,303.0,298.0,286.0,285.0,301.0,293.0,302.0,305.0,301.0,0.0,297.0,314.0,311.0,285.0,294.0,340.0,295.0,310.0,319.0,277.0,288.0,321.0,311.0,286.0,292.0,325.0,287.0,285.0,323.0,304.0,285.0,287.0,310.0,308.0,290.0,302.0,309.0,304.0,301.0,297.0,316.0,287.0,310.0,293.0,305.0,310.0,307.0,317.0,323.0,274.0,308.0,295.0,293.0,301.0,308.0,307.0,292.0,320.0,305.0,275.0,298.0,310.0,329.0,286.0,302.0,286.0,305.0,321.0,296.0,295.0,292.0,322.0
288.0,309.0,291.0,312.0,298.0,294.0,331.0,303.0,318.0,307.0,297.0,318.0,300.0,304.0,329.0,322.0,301.0,297.0,319.0,295.0,308.0,320.0,301.0,310.0,278.0,307.0,296.0,312.0,310.0,303.0,303.0,302.0,304.0,318.0,317.0,306.0,326.0,297.0,0.0,321.0,312.0,316.0,317.0,309.0,320.0,329.0,304.0,294.0,315.0,320.0,310.0,313.0,289.0,316.0,308.0,324.0,302.0,315.0,280.0,292.0,319.0,305.0,297.0,293.0,320.0,291.0,320.0,318.0,319.0,316.0,325.0,304.0,322.0,315.0,304.0,286.0,332.0,307.0,307.0,312.0,266.0,298.0,305.0,304.0,311.0,311.0,304.0,296.0,285.0,299.0,312.0,307.0,313.0,313.0,322.0,286.0,307.0,306.0,315.0,337.0
305.0,318.0,322.0,305.0,303.0,297.0,318.0,310.0,321.0,330.0,312.0,331.0,315.0,329.0,312.0,323.0,312.0,326.0,320.0,302.0,297.0,327.0,320.0,339.0,315.0,328.0,313.0,309.0,343.0,316.0,312.0,315.0,337.0,309.0,312.0,303.0,309.0,314.0,321.0,0.0,319.0,309.0,312.0,290.0,343.0,312.0,305.0,305.0,308.0,319.0,321.0,318.0,316.0,327.0,309.0,313.0,299.0,344.0,311.0,309.0,290.0,322.0,334.0,312.0,303.0,324.0,315.0,313.0,318.0,315.0,320.0,335.0,327.0,308.0,319.0,327.0,321.0,332.0,292.0,347.0,299.0,291.0,312.0,327.0,322.0,286.0,323.0,289.0,304.0,340.0,311.0,312.0,300.0,312.0,319.0,317.0,334.0,315.0,328.0,296.0
292.0,317.0,299.0,308.0,296.0,306.0,313.0,307.0,330.0,315.0,283.0,318.0,306.0,308.0,327.0,308.0,273.0,303.0,315.0,273.0,306.0,290.0,323.0,308.0,290.0,305.0,332.0,288.0,318.0,305.0,307.0,290.0,332.0,310.0,299.0,302.0,312.0,311.0,312.0,319.0,0.0,282.0,303.0,315.0,310.0,313.0,302.0,314.0,297.0,316.0,290.0,291.0,311.0,294.0,292.0,300.0,320.0,323.0,292.0,306.0,287.0,329.0,293.0,279.0,314.0,317.0,314.0,308.0,313.0,286.0,293.0,312.0,322.0,307.0,282.0,298.0,300.0,311.0,309.0,320.0,288.0,304.0,281.0,302.0,313.0,323.0,308.0,294.0,309.0,319.0,312.0,301.0,299.0,277.0,302.0,318.0,313.0,308.0,297.0,305.0
298.0,305.0,303.0,296.0,282.0,286.0,283.0,293.0,326.0,311.0,289.0,292.0,302.0,290.0,319.0,284.0,291.0,319.0,325.0,281.0,304.0,300.0,319.0,280.0,286.0,303.0,296.0,274.0,302.0,293.0,291.0,286.0,312.0,286.0,287.0,272.0,298.0,285.0,316.0,309.0,282.0,0.0,287.0,295.0,316.0,301.0,292.0,264.0,317.0,308.0,304.0,303.0,295.0,280.0,284.0,272.0,288.0,311.0,290.0,274.0,275.0,295.0,301.0,279.0,296.0,319.0,308.0,290.0,291.0,286.0,273.0,308.0,314.0,303.0,274.0,282.0,292.0,287.0,295.0,294.0,274.0,276.0,309.0,278.0,303.0,311.0,280.0,298.0,303.0,285.0,294.0,303.0,315.0,281.0,280.0,308.0,285.0,286.0,261.0,323.0
309.0,344.0,308.0,299.0,297.0,327.0,296.0,294.0,335.0,328.0,276.0,285.0,319.0,323.0,340.0,305.0,314.0,306.0,320.0,296.0,319.0,305.0,300.0,315.0,293.0,310.0,331.0,289.0,295.0,298.0,302.0,273.0,347.0,299.0,316.0,305.0,319.0,294.0,317.0,312.0,303.0,287.0,0.0,336.0,315.0,328.0,295.0,309.0,312.0,319.0,323.0,284.0,308.0,303.0,303.0,309.0,327.0,312.0,295.0,317.0,316.0,316.0,302.0,302.0,309.0,328.0,329.0,319.0,308.0,319.0,306.0,303.0,319.0,312.0,297.0,313.0,331.0,310.0,306.0,323.0,283.0,333.0,324.0,303.0,308.0,304.0,299.0,305.0,310.0,314.0,337.0,302.0,310.0,272.0,331.0,313.0,308.0,301.0,302.0,322.0
299.0,330.0,288.0,305.0,315.0,279.0,306.0,330.0,337.0,298.0,280.0,335.0,299.0,311.0,304.0,297.0,288.0,314.0,308.0,278.0,313.0,307.0,342.0,313.0,305.0,310.0,313.0,311.0,301.0,300.0,324.0,315.0,327.0,309.0,306.0,311.0,303.0,340.0,309.0,290.0,315.0,295.0,336.0,0.0,309.0,332.0,301.0,289.0,318.0,311.0,311.0,320.0,316.0,323.0,313.0,291.0,285.0,306.0,311.0,299.0,298.0,312.0,322.0,308.0,309.0,312.0,297.0,319.0,314.0,315.0,286.0,323.0,313.0,304.0,301.0,309.0,315.0,326.0,312.0,315.0,289.0,273.0,310.0,303.0,310.0,296.0,345.0,285.0,296.0,306.0,305.0,326.0,316.0,318.0,317.0,291.0,310.0,305.0,306.0,306.0
300.0,317.0,317.0,304.0,306.0,302.0,317.0,317.0,334.0,321.0,301.0,298.0,306.0,326.0,321.0,312.0,291.0,295.0,337.0,303.0,330.0,322.0,303.0,316.0,302.0,313.0,320.0,310.0,318.0,321.0,335.0,300.0,314.0,310.0,347.0,320.0,282.0,295.0,320.0,343.0,310.0,316.0,315.0,309.0,0.0,313.0,316.0,324.0,277.0,312.0,320.0,305.0,311.0,286.0,304.0,324.0,312.0,301.0,296.0,320.0,319.0,311.0,283.0,321.0,306.0,325.0,312.0,310.0,319.0,314.0,303.0,294.0,324.0,303.0,312.0,324.0,332.0,283.0,307.0,318.0,306.0,300.0,303.0,312.0,313.0,325.0,288.0,320.0,303.0,313.0,324.0,307.0,291.0,321.0,312.0,318.0,339.0,306.0,311.0,335.0
325.0,328.0,300.0,295.0,325.0,311.0,312.0,292.0,331.0,314.0,298.0,331.0,319.0,315.0,328.0,303.0,312.0,318.0,330.0,322.0,301.0,313.0,336.0,313.0,293.0,322.0,299.0,307.0,301.0,316.0,302.0,319.0,339.0,307.0,282.0,293.0,313.0,310.0,329.0,312.0,313.0,301.0,328.0,332.0,313.0,0.0,285.0,309.0,290.0,325.0,325.0,332.0,300.0,311.0,289.0,309.0,309.0,318.0,297.0,301.0,308.0,316.0,282.0,302.0,313.0,314.0,321.0,319.0,322.0,305.0,316.0,299.0,327.0,288.0,321.0,307.0,319.0,292.0,310.0,331.0,317.0,279.0,318.0,287.0,328.0,314.0,325.0,319.0,306.0,314.0,317.0,324.0,324.0,334.0,311.0,313.0,320.0,315.0,324.0,326.0
314.0,323.0,327.0,306.0,294.0,302.0,315.0,289.0,334.0,301.0,283.0,306.0,280.0,314.0,313.0,306.0,301.0,321.0,339.0,279.0,294.0,302.0,309.0,306.0,294.0,291.0,296.0,292.0,298.0,297.0,323.0,288.0,326.0,312.0,309.0,294.0,304.0,319.0,304.0,305.0,302.0,292.0,295.0,301.0,316.0,285.0,0.0,292.0,275.0,296.0,306.0,293.0,311.0,286.0,300.0,308.0,280.0,309.0,306.0,290.0,299.0,293.0,289.0,299.0,292.0,311.0,322.0,298.0,297.0,300.0,297.0,288.0,318.0,299.0,290.0,300.0,310.0,301.0,303.0,328.0,294.0,296.0,319.0,298.0,313.0,297.0,314.0,294.0,313.0,305.0,320.0,289.0,305.0,311.0,314.0,300.0,289.0,316.0,293.0,321.0
286.0,313.0,291.0,306.0,304.0,296.0,309.0,307.0,300.0,307.0,287.0,300.0,296.0,312.0,293.0,302.0,265.0,285.0,295.0,267.0,288.0,310.0,303.0,314.0,294.0,315.0,298.0,296.0,302.0,303.0,319.0,274.0,316.0,278.0,319.0,282.0,318.0,277.0,294.0,305.0,314.0,264.0,309.0,289.0,324.0,309.0,292.0,0.0,305.0,298.0,310.0,287.0,287.0,290.0,278.0,302.0,290.0,307.0,288.0,266.0,285.0,305.0,285.0,319.0,312.0,301.0,322.0,308.0,327.0,304.0,305.0,310.0,302.0,301.0,300.0,292.0,296.0,295.0,273.0,318.0,294.0,272.0,297.0,302.0,309.0,315.0,298.0,282.0,301.0,277.0,314.0,301.0,307.0,299.0,312.0,298.0,325.0,332.0,295.0,309.0
309.0,310.0,294.0,275.0,281.0,287.0,304.0,294.0,313.0,312.0,310.0,301.0,301.0,325.0,310.0,295.0,294.0,298.0,326.0,288.0,279.0,291.0,306.0,303.0,303.0,302.0,309.0,315.0,301.0,274.0,286.0,271.0,331.0,309.0,304.0,327.0,303.0,288.0,315.0,308.0,297.0,317.0,312.0,318.0,277.0,290.0,275.0,305.0,0.0,309.0,321.0,320.0,284.0,281.0,289.0,319.0,337.0,292.0,313.0,299.0,280.0,288.0,288.0,300.0,313.0,300.0,303.0,315.0,310.0,293.0,298.0,291.0,319.0,284.0,295.0,299.0,323.0,286.0,294.0,331.0,301.0,285.0,306.0,293.0,298.0,288.0,315.0,289.0,272.0,300.0,307.0,316.0,308.0,288.0,307.0,299.0,336.0,295.0,296.0,322.0
304.0,339.0,301.0,314.0,314.0,298.0,309.0,299.0,318.0,313.0,311.0,330.0,320.0,320.0,305.0,314.0,281.0,307.0,305.0,295.0,318.0,324.0,299.0,330.0,298.0,307.0,302.0,314.0,322.0,303.0,297.0,316.0,328.0,308.0,335.0,320.0,316.0,321.0,320.0,319.0,316.0,308.0,319.0,311.0,312.0,325.0,296.0,298.0,309.0,0.0,330.0,311.0,309.0,310.0,324.0,304.0,312.0,309.0,336.0,324.0,305.0,287.0,297.0,315.0,332.0,329.0,330.0,318.0,329.0,302.0,311.0,324.0,330.0,303.0,296.0,300.0,332.0,305.0,299.0,310.0,320.0,312.0,343.0,304.0,307.0,295.0,310.0,294.0,307.0,303.0,322.0,327.0,295.0,331.0,316.0,322.0,323.0,320.0,319.0,317.0
298.0,331.0,317.0,286.0,290.0,310.0,295.0,321.0,332.0,317.0,299.0,318.0,312.0,314.0,283.0,310.0,277.0,331.0,317.0,299.0,314.0,304.0,315.0,322.0,298.0,311.0,298.0,296.0,326.0,287.0,317.0,326.0,332.0,308.0,301.0,332.0,324.0,311.0,310.0,321.0,290.0,304.0,323.0,311.0,320.0,325.0,306.0,310.0,321.0,330.0,0.0,323.0,305.0,312.0,296.0,302.0,308.0,293.0,304.0,326.0,315.0,335.0,317.0,289.0,326.0,301.0,314.0,332.0,321.0,316.0,279.0,322.0,318.0,313.0,296.0,308.0,296.0,303.0,299.0,334.0,310.0,326.0,307.0,334.0,317.0,337.0,304.0,292.0,317.0,333.0,316.0,303.0,329.0,301.0,334.0,312.0,349.0,326.0,295.0,337.0
323.0,326.0,314.0,311.0,329.0,327.0,320.0,296.0,317.0,308.0,264.0,321.0,307.0,333.0,314.0,311.0,316.0,308.0,350.0,298.0,335.0,325.0,304.0,301.0,301.0,310.0,311.0,309.0,317.0,310.0,300.0,315.0,341.0,293.0,324.0,319.0,293.0,286.0,313.0,318.0,291.0,303.0,284.0,320.0,305.0,332.0,293.0,287.0,320.0,311.0,323.0,0.0,314.0,331.0,307.0,285.0,331.0,308.0,315.0,303.0,318.0,328.0,292.0,320.0,315.0,324.0,329.0,301.0,330.0,311.0,308.0,305.0,329.0,306.0,301.0,291.0,345.0,306.0,326.0,313.0,331.0,325.0,314.0,313.0,316.0,332.0,317.0,293.0,324.0,318.0,303.0,322.0,304.0,312.0,333.0,327.0,336.0,315.0,316.0,320.0
301.0,316.0,310.0,281.0,283.0,287.0,292.0,290.0,321.0,314.0,300.0,309.0,299.0,299.0,302.0,315.0,310.0,298.0,308.0,286.0,323.0,317.0,310.0,315.0,307.0,298.0,293.0,269.0,311.0,286.0,300.0,299.0,323.0,299.0,294.0,305.0,309.0,292.0,289.0,316.0,311.0,295.0,308.0,316.0,311.0,300.0,311.0,287.0,284.0,309.0,305.0,314.0,0.0,299.0,297.0,291.0,313.0,288.0,281.0,291.0,280.0,310.0,298.0,296.0,315.0,312.0,315.0,275.0,314.0,303.0,292.0,323.0,317.0,298.0,299.0,311.0,321.0,294.0,324.0,319.0,285.0,311.0,320.0,311.0,306.0,308.0,295.0,295.0,320.0,288.0,325.0,296.0,296.0,300.0,313.0,311.0,312.0,315.0,292.0,308.0
300.0,323.0,285.0,294.0,288.0,300.0,313.0,285.0,320.0,317.0,285.0,302.0,298.0,308.0,327.0,300.0,307.0,303.0,313.0,295.0,298.0,310.0,305.0,286.0,296.0,293.0,288.0,308.0,306.0,303.0,317.0,298.0,340.0,268.0,305.0,300.0,300.0,325.0,316.0,327.0,294.0,280.0,303.0,323.0,286.0,311.0,286.0,290.0,281.0,310.0,312.0,331.0,299.0,0.0,286.0,280.0,308.0,315.0,280.0,306.0,287.0,327.0,281.0,283.0,296.0,295.0,302.0,296.0,327.0,298.0,305.0,294.0,292.0,289.0,294.0,314.0,302.0,303.0,271.0,318.0,304.0,298.0,333.0,274.0,301.0,299.0,316.0,290.0,293.0,293.0,306.0,287.0,319.0,293.0,314.0,324.0,321.0,292.0,301.0,341.0
304.0,297.0,295.0,302.0,294.0,292.0,293.0,281.0,300.0,315.0,279.0,272.0,292.0,296.0,309.0,316.0,291.0,289.0,331.0,279.0,304.0,300.0,297.0,288.0,278.0,309.0,286.0,276.0,304.0,309.0,303.0,296.0,320.0,302.0,285.0,296.0,320.0,287.0,308.0,309.0,292.0,284.0,303.0,313.0,304.0,289.0,300.0,278.0,289.0,324.0,296.0,307.0,297.0,286.0,0.0,300.0,300.0,309.0,298.0,288.0,291.0,287.0,265.0,285.0,292.0,291.0,300.0,288.0,293.0,288.0,289.0,288.0,312.0,299.0,284.0,270.0,300.0,281.0,279.0,306.0,276.0,330.0,301.0,306.0,305.0,293.0,304.0,280.0,285.0,285.0,296.0,275.0,289.0,303.0,284.0,290.0,297.0,308.0,293.0,295.0
300.0,337.0,295.0,290.0,316.0,282.0,287.0,289.0,310.0,305.0,287.0,306.0,312.0,288.0,315.0,292.0,317.0,283.0,317.0,275.0,316.0,298.0,315.0,294.0,294.0,267.0,300.0,286.0,312.0,279.0,303.0,272.0,342.0,274.0,285.0,302.0,306.0,285.0,324.0,313.0,300.0,272.0,309.0,291.0,324.0,309.0,308.0,302.0,319.0,304.0,302.0,285.0,291.0,280.0,300.0,0.0,302.0,317.0,266.0,282.0,297.0,303.0,303.0,283.0,296.0,313.0,302.0,302.0,297.0,294.0,313.0,304.0,294.0,285.0,260.0,322.0,312.0,301.0,295.0,306.0,300.0,302.0,323.0,298.0,307.0,313.0,300.0,280.0,289.0,313.0,306.0,307.0,307.0,315.0,308.0,304.0,299.0,314.0,301.0,319.0
308.0,321.0,317.0,312.0,288.0,298.0,315.0,311.0,318.0,321.0,281.0,326.0,296.0,294.0,327.0,294.0,301.0,313.0,303.0,291.0,314.0,308.0,301.0,306.0,302.0,301.0,302.0,282.0,316.0,297.0,331.0,290.0,316.0,336.0,319.0,304.0,300.0,323.0,302.0,299.0,320.0,288.0,327.0,285.0,312.0,309.0,280.0,290.0,337.0,312.0,308.0,331.0,313.0,308.0,300.0,302.0,0.0,337.0,276.0,300.0,307.0,309.0,305.0,289.0,304.0,321.0,312.0,330.0,315.0,314.0,309.0,330.0,338.0,297.0,314.0,312.0,298.0,315.0,293.0,338.0,294.0,292.0,307.0,286.0,311.0,319.0,334.0,310.0,305.0,297.0,302.0,311.0,307.0,303.0,338.0,304.0,303.0,308.0,301.0,311.0
317.0,322.0,308.0,307.0,303.0,309.0,318.0,298.0,337.0,302.0,320.0,319.0,305.0,313.0,308.0,309.0,300.0,294.0,324.0,288.0,309.0,323.0,306.0,305.0,309.0,310.0,299.0,323.0,313.0,296.0,312.0,301.0,325.0,301.0,306.0,319.0,309.0,304.0,315.0,344.0,323.0,311.0,312.0,306.0,301.0,318.0,309.0,307.0,292.0,309.0,293.0,308.0,288.0,315.0,309.0,317.0,337.0,0.0,295.0,327.0,304.0,280.0,310.0,310.0,299.0,330.0,315.0,319.0,312.0,301.0,294.0,301.0,329.0,316.0,293.0,309.0,337.0,298.0,328.0,315.0,301.0,319.0,320.0,295.0,318.0,298.0,321.0,315.0,296.0,306.0,301.0,322.0,326.0,318.0,303.0,319.0,316.0,311.0,290.0,320.0
282.0,307.0,279.0,292.0,276.0,286.0,305.0,281.0,294.0,293.0,293.0,294.0,310.0,308.0,311.0,306.0,295.0,297.0,307.0,313.0,306.0,300.0,303.0,300.0,266.0,303.0,302.0,290.0,302.0,295.0,307.0,282.0,326.0,292.0,315.0,288.0,300.0,285.0,280.0,311.0,292.0,290.0,295.0,311.0,296.0,297.0,306.0,288.0,313.0,336.0,304.0,315.0,281.0,280.0,298.0,266.0,276.0,295.0,0.0,292.0,291.0,305.0,277.0,267.0,290.0,285.0,312.0,310.0,313.0,288.0,289.0,304.0,276.0,283.0,284.0,312.0,316.0,283.0,291.0,306.0,290.0,268.0,299.0,278.0,305.0,309.0,300.0,270.0,287.0,291.0,286.0,281.0,311.0,287.0,290.0,318.0,301.0,290.0,291.0,309.0
296.0,301.0,297.0,312.0,306.0,292.0,311.0,299.0,294.0,275.0,293.0,280.0,306.0,300.0,311.0,298.0,293.0,299.0,293.0,281.0,296.0,296.0,315.0,294.0,296.0,305.0,308.0,288.0,308.0,295.0,315.0,294.0,310.0,302.0,299.0,286.0,334.0,287.0,292.0,309.0,306.0,274.0,317.0,299.0,320.0,301.0,290.0,266.0,299.0,324.0,326.0,303.0,291.0,306.0,288.0,282.0,300.0,327.0,292.0,0.0,303.0,291.0,291.0,297.0,316.0,313.0,308.0,284.0,311.0,302.0,279.0,290.0,308.0,329.0,300.0,292.0,310.0,307.0,305.0,298.0,272.0,282.0,311.0,308.0,299.0,325.0,312.0,270.0,301.0,285.0,316.0,299.0,309.0,313.0,306.0,304.0,279.0,316.0,313.0,323.0
319.0,320.0,294.0,319.0,305.0,289.0,312.0,304.0,331.0,318.0,284.0,303.0,303.0,315.0,312.0,329.0,290.0,308.0,318.0,292.0,279.0,305.0,320.0,311.0,311.0,322.0,309.0,275.0,315.0,294.0,312.0,299.0,353.0,307.0,276.0,299.0,303.0,310.0,319.0,290.0,287.0,275.0,316.0,298.0,319.0,308.0,299.0,285.0,280.0,305.0,315.0,318.0,280.0,287.0,291.0,297.0,307.0,304.0,291.0,303.0,0.0,298.0,318.0,300.0,311.0,310.0,311.0,311.0,304.0,287.0,322.0,301.0,325.0,290.0,291.0,301.0,335.0,308.0,302.0,329.0,309.0,301.0,306.0,301.0,308.0,296.0,293.0,289.0,280.0,320.0,311.0,294.0,312.0,306.0,289.0,285.0,318.0,313.0,286.0,322.0
297.0,316.0,296.0,295.0,299.0,295.0,306.0,292.0,327.0,304.0,312.0,335.0,315.0,313.0,294.0,305.0,300.0,304.0,324.0,298.0,305.0,301.0,320.0,305.0,317.0,320.0,317.0,321.0,299.0,308.0,288.0,305.0,301.0,285.0,306.0,311.0,305.0,308.0,305.0,322.0,329.0,295.0,316.0,312.0,311.0,316.0,293.0,305.0,288.0,287.0,335.0,328.0,310.0,327.0,287.0,303.0,309.0,280.0,305.0,291.0,298.0,0.0,300.0,304.0,295.0,306.0,315.0,305.0,308.0,285.0,312.0,311.0,315.0,320.0,295.0,303.0,319.0,310.0,310.0,305.0,287.0,299.0,318.0,305.0,320.0,298.0,317.0,299.0,304.0,320.0,289.0,304.0,292.0,308.0,315.0,283.0,312.0,319.0,314.0,316.0
309.0,302.0,282.0,273.0,303.0,299.0,314.0,278.0,307.0,306.0,280.0,275.0,279.0,301.0,300.0,301.0,282.0,298.0,294.0,288.0,305.0,287.0,294.0,307.0,289.0,302.0,307.0,279.0,279.0,288.0,294.0,283.0,315.0,289.0,298.0,287.0,311.0,290.0,297.0,334.0,293.0,301.0,302.0,322.0,283.0,282.0,289.0,285.0,288.0,297.0,317.0,292.0,298.0,281.0,265.0,303.0,305.0,310.0,277.0,291.0,318.0,300.0,0.0,284.0,293.0,302.0,309.0,277.0,332.0,291.0,296.0,285.0,301.0,294.0,273.0,295.0,315.0,282.0,282.0,291.0,295.0,297.0,304.0,285.0,300.0,306.0,313.0,283.0,270.0,290.0,291.0,304.0,278.0,298.0,281.0,297.0,304.0,289.0,296.0,320.0
293.0,318.0,294.0,303.0,299.0,277.0,306.0,286.0,303.0,306.0,284.0,281.0,297.0,311.0,326.0,307.0,272.0,312.0,316.0,284.0,297.0,297.0,316.0,279.0,291.0,284.0,305.0,291.0,307.0,296.0,288.0,305.0,339.0,307.0,286.0,303.0,303.0,302.0,293.0,312.0,279.0,279.0,302.0,308.0,321.0,302.0,299.0,319.0,300.0,315.0,289.0,320.0,296.0,283.0,285.0,283.0,289.0,310.0,267.0,297.0,300.0,304.0,284.0,0.0,313.0,306.0,309.0,311.0,298.0,287.0,284.0,301.0,317.0,304.0,277.0,297.0,313.0,270.0,296.0,309.0,297.0,287.0,284.0,293.0,322.0,316.0,311.0,313.0,276.0,320.0,319.0,288.0,298.0,312.0,305.0,305.0,324.0,279.0,292.0,330.0
306.0,327.0,303.0,304.0,312.0,300.0,285.0,295.0,304.0,321.0,311.0,302.0,308.0,306.0,307.0,300.0,319.0,311.0,315.0,285.0,282.0,298.0,329.0,332.0,288.0,307.0,296.0,286.0,322.0,329.0,335.0,298.0,338.0,312.0,309.0,268.0,294.0,309.0,320.0,303.0,314.0,296.0,309.0,309.0,306.0,313.0,292.0,312.0,313.0,332.0,326.0,315.0,315.0,296.0,292.0,296.0,304.0,299.0,290.0,316.0,311.0,295.0,293.0,313.0,0.0,295.0,304.0,274.0,295.0,316.0,295.0,292.0,308.0,301.0,302.0,308.0,330.0,301.0,281.0,342.0,308.0,308.0,317.0,290.0,309.0,305.0,326.0,272.0,321.0,293.0,306.0,301.0,297.0,321.0,288.0,302.0,313.0,280.0,299.0,311.0
329.0,298.0,286.0,281.0,309.0,291.0,330.0,296.0,297.0,316.0,314.0,317.0,305.0,325.0,334.0,295.0,310.0,314.0,314.0,308.0,315.0,303.0,314.0,313.0,313.0,320.0,315.0,319.0,297.0,310.0,286.0,285.0,337.0,309.0,294.0,333.0,323.0,304.0,291.0,324.0,317.0,319.0,328.0,312.0,325.0,314.0,311.0,301.0,300.0,329.0,301.0,324.0,312.0,295.0,291.0,313.0,321.0,330.0,285.0,313.0,310.0,306.0,302.0,306.0,295.0,0.0,309.0,305.0,328.0,335.0,282.0,307.0,315.0,310.0,315.0,299.0,309.0,300.0,280.0,305.0,319.0,297.0,340.0,303.0,306.0,294.0,309.0,303.0,312.0,312.0,321.0,306.0,326.0,320.0,313.0,287.0,326.0,317.0,328.0,324.0
328.0,355.0,301.0,302.0,318.0,288.0,305.0,303.0,300.0,311.0,305.0,316.0,310.0,304.0,319.0,324.0,291.0,321.0,319.0,313.0,314.0,326.0,325.0,302.0,306.0,329.0,310.0,310.0,314.0,315.0,321.0,308.0,334.0,300.0,301.0,314.0,316.0,301.0,320.0,315.0,314.0,308.0,329.0,297.0,312.0,321.0,322.0,322.0,303.0,330.0,314.0,329.0,315.0,302.0,300.0,302.0,312.0,315.0,312.0,308.0,311.0,315.0,309.0,309.0,304.0,309.0,0.0,326.0,339.0,314.0,319.0,298.0,326.0,297.0,320.0,308.0,320.0,315.0,299.0,308.0,298.0,330.0,303.0,318.0,295.0,313.0,314.0,298.0,327.0,307.0,336.0,307.0,297.0,305.0,304.0,312.0,305.0,302.0,301.0,309.0
328.0,327.0,299.0,310.0,318.0,330.0,323.0,293.0,322.0,301.0,305.0,310.0,294.0,320.0,319.0,302.0,309.0,333.0,331.0,317.0,320.0,312.0,321.0,310.0,292.0,305.0,314.0,290.0,320.0,317.0,327.0,288.0,310.0,316.0,307.0,318.0,326.0,297.0,318.0,313.0,308.0,290.0,319.0,319.0,310.0,319.0,298.0,308.0,315.0,318.0,332.0,301.0,275.0,296.0,288.0,302.0,330.0,319.0,310.0,284.0,311.0,305.0,277.0,311.0,274.0,305.0,326.0,0.0,329.0,302.0,307.0,312.0,310.0,309.0,288.0,314.0,340.0,299.0,323.0,310.0,300.0,302.0,331.0,302.0,327.0,325.0,302.0,296.0,311.0,303.0,310.0,313.0,317.0,303.0,308.0,318.0,293.0,304.0,313.0,311.0
313.0,328.0,322.0,319.0,317.0,293.0,294.0,308.0,337.0,322.0,298.0,335.0,319.0,315.0,332.0,313.0,338.0,326.0,340.0,306.0,321.0,307.0,328.0,327.0,317.0,306.0,301.0,305.0,311.0,316.0,318.0,301.0,331.0,301.0,304.0,307.0,329.0,316.0,319.0,318.0,313.0,291.0,308.0,314.0,319.0,322.0,297.0,327.0,310.0,329.0,321.0,330.0,314.0,327.0,293.0,297.0,315.0,312.0,313.0,311.0,304.0,308.0,332.0,298.0,295.0,328.0,339.0,329.0,0.0,321.0,304.0,323.0,319.0,326.0,323.0,323.0,333.0,308.0,302.0,343.0,311.0,323.0,320.0,315.0,336.0,312.0,331.0,303.0,326.0,312.0,323.0,304.0,318.0,324.0,329.0,305.0,310.0,303.0,322.0,332.0
310.0,331.0,305.0,314.0,316.0,314.0,307.0,279.0,312.0,319.0,273.0,294.0,280.0,322.0,293.0,310.0,299.0,309.0,311.0,289.0,306.0,314.0,303.0,312.0,288.0,293.0,292.0,296.0,320.0,313.0,297.0,298.0,332.0,304.0,293.0,308.0,322.0,287.0,316.0,315.0,286.0,286.0,319.0,315.0,314.0,305.0,300.0,304.0,293.0,302.0,316.0,311.0,303.0,298.0,288.0,294.0,314.0,301.0,288.0,302.0,287.0,285.0,291.0,287.0,316.0,335.0,314.0,302.0,321.0,0.0,315.0,312.0,316.0,309.0,302.0,306.0,330.0,303.0,311.0,330.0,306.0,302.0,289.0,286.0,335.0,315.0,324.0,316.0,289.0,305.0,330.0,299.0,303.0,311.0,298.0,292.0,309.0,290.0,305.0,299.0
285.0,320.0,302.0,293.0,267.0,307.0,288.0,276.0,319.0,314.0,282.0,301.0,297.0,339.0,288.0,311.0,304.0,296.0,294.0,270.0,327.0,317.0,320.0,311.0,291.0,304.0,285.0,305.0,307.0,296.0,324.0,281.0,319.0,311.0,308.0,319.0,297.0,310.0,325.0,320.0,293.0,273.0,306.0,286.0,303.0,316.0,297.0,305.0,298.0,311.0,279.0,308.0,292.0,305.0,289.0,313.0,309.0,294.0,289.0,279.0,322.0,312.0,296.0,284.0,295.0,282.0,319.0,307.0,304.0,315.0,0.0,307.0,285.0,296.0,295.0,327.0,319.0,278.0,286.0,301.0,289.0,307.0,320.0,315.0,306.0,300.0,287.0,301.0,316.0,304.0,287.0,304.0,310.0,312.0,303.0,333.0,318.0,287.0,300.0,312.0
328.0,307.0,299.0,308.0,322.0,298.0,297.0,293.0,298.0,299.0,299.0,272.0,316.0,326.0,305.0,322.0,317.0,305.0,327.0,301.0,302.0,308.0,323.0,296.0,298.0,303.0,322.0,306.0,330.0,301.0,299.0,300.0,336.0,318.0,301.0,310.0,318.0,293.0,304.0,335.0,312.0,308.0,303.0,323.0,294.0,299.0,288.0,310.0,291.0,324.0,322.0,305.0,323.0,294.0,288.0,304.0,330.0,301.0,304.0,290.0,301.0,311.0,285.0,301.0,292.0,307.0,298.0,312.0,323.0,312.0,307.0,0.0,306.0,315.0,286.0,298.0,330.0,275.0,279.0,348.0,290.0,336.0,311.0,290.0,315.0,299.0,318.0,298.0,327.0,293.0,314.0,299.0,293.0,325.0,304.0,314.0,301.0,302.0,309.0,313.0
300.0,323.0,315.0,310.0,294.0,302.0,303.0,315.0,308.0,307.0,297.0,304.0,308.0,352.0,315.0,332.0,301.0,309.0,327.0,327.0,326.0,318.0,329.0,310.0,318.0,309.0,310.0,322.0,320.0,311.0,337.0,294.0,318.0,282.0,325.0,302.0,326.0,305.0,322.0,327.0,322.0,314.0,319.0,313.0,324.0,327.0,318.0,302.0,319.0,330.0,318.0,329.0,317.0,292.0,312.0,294.0,338.0,329.0,276.0,308.0,325.0,315.0,301.0,317.0,308.0,315.0,326.0,310.0,319.0,316.0,285.0,306.0,0.0,297.0,296.0,332.0,340.0,303.0,319.0,332.0,308.0,296.0,327.0,310.0,305.0,317.0,302.0,302.0,311.0,323.0,310.0,301.0,317.0,311.0,308.0,352.0,297.0,320.0,319.0,327.0
315.0,312.0,304.0,299.0,307.0,299.0,312.0,296.0,299.0,312.0,288.0,301.0,307.0,317.0,310.0,333.0,320.0,310.0,336.0,300.0,305.0,315.0,320.0,307.0,289.0,310.0,313.0,291.0,311.0,290.0,314.0,289.0,333.0,285.0,308.0,317.0,311.0,310.0,315.0,308.0,307.0,303.0,312.0,304.0,303.0,288.0,299.0,301.0,284.0,303.0,313.0,306.0,298.0,289.0,299.0,285.0,297.0,316.0,283.0,329.0,290.0,320.0,294.0,304.0,301.0,310.0,297.0,309.0,326.0,309.0,296.0,315.0,297.0,0.0,307.0,321.0,325.0,286.0,294.0,325.0,297.0,299.0,304.0,295.0,312.0,298.0,305.0,289.0,310.0,280.0,317.0,292.0,332.0,308.0,315.0,319.0,306.0,311.0,302.0,302.0
302.0,313.0,289.0,282.0,302.0,292.0,289.0,281.0,318.0,309.0,301.0,274.0,278.0,288.0,307.0,322.0,307.0,297.0,301.0,291.0,296.0,272.0,295.0,306.0,290.0,295.0,314.0,306.0,282.0,277.0,293.0,278.0,324.0,298.0,271.0,294.0,314.0,307.0,304.0,319.0,282.0,274.0,297.0,301.0,312.0,321.0,290.0,300.0,295.0,296.0,296.0,301.0,299.0,294.0,284.0,260.0,314.0,293.0,284.0,300.0,291.0,295.0,273.0,277.0,302.0,315.0,320.0,288.0,323.0,302.0,295.0,286.0,296.0,307.0,0.0,304.0,312.0,293.0,299.0,292.0,288.0,290.0,305.0,274.0,297.0,297.0,282.0,298.0,295.0,311.0,308.0,315.0,303.0,295.0,334.0,306.0,305.0,286.0,315.0,323.0
308.0,311.0,311.0,300.0,288.0,298.0,311.0,309.0,326.0,305.0,305.0,306.0,288.0,316.0,313.0,306.0,283.0,315.0,343.0,289.0,288.0,292.0,289.0,296.0,286.0,305.0,304.0,328.0,328.0,297.0,315.0,292.0,314.0,298.0,293.0,324.0,300.0,317.0,286.0,327.0,298.0,282.0,313.0,309.0,324.0,307.0,300.0,292.0,299.0,300.0,308.0,291.0,311.0,314.0,270.0,322.0,312.0,309.0,312.0,292.0,301.0,303.0,295.0,297.0,308.0,299.0,308.0,314.0,323.0,306.0,327.0,298.0,332.0,321.0,304.0,0.0,318.0,317.0,317.0,308.0,308.0,306.0,319.0,302.0,299.0,303.0,304.0,290.0,299.0,289.0,310.0,297.0,287.0,321.0,330.0,296.0,307.0,320.0,295.0,329.0
324.0,323.0,311.0,306.0,322.0,292.0,323.0,325.0,350.0,337.0,313.0,330.0,304.0,286.0,315.0,326.0,311.0,325.0,325.0,295.0,314.0,300.0,331.0,312.0,324.0,331.0,320.0,308.0,320.0,309.0,313.0,300.0,324.0,332.0,325.0,342.0,330.0,323.0,332.0,321.0,300.0,292.0,331.0,315.0,332.0,319.0,310.0,296.0,323.0,332.0,296.0,345.0,321.0,302.0,300.0,312.0,298.0,337.0,316.0,310.0,335.0,319.0,315.0,313.0,330.0,309.0,320.0,340.0,333.0,330.0,319.0,330.0,340.0,325.0,312.0,318.0,0.0,311.0,289.0,338.0,306.0,330.0,335.0,320.0,289.0,333.0,320.0,294.0,305.0,331.0,312.0,309.0,293.0,311.0,328.0,322.0,341.0,316.0,317.0,317.0
305.0,318.0,292.0,313.0,301.0,303.0,298.0,290.0,297.0,308.0,290.0,303.0,293.0,317.0,322.0,315.0,308.0,294.0,320.0,296.0,337.0,311.0,322.0,311.0,291.0,290.0,319.0,305.0,289.0,306.0,298.0,307.0,321.0,297.0,314.0,313.0,317.0,274.0,307.0,332.0,311.0,287.0,310.0,326.0,283.0,292.0,301.0,295.0,286.0,305.0,303.0,306.0,294.0,303.0,281.0,301.0,315.0,298.0,283.0,307.0,308.0,310.0,282.0,270.0,301.0,300.0,315.0,299.0,308.0,303.0,278.0,275.0,303.0,286.0,293.0,317.0,311.0,0.0,272.0,319.0,295.0,305.0,314.0,319.0,300.0,316.0,303.0,273.0,298.0,314.0,323.0,308.0,312.0,310.0,291.0,307.0,310.0,297.0,308.0,332.0
301.0,324.0,292.0,303.0,271.0,261.0,308.0,284.0,301.0,312.0,284.0,289.0,295.0,293.0,318.0,317.0,286.0,292.0,298.0,292.0,305.0,285.0,314.0,293.0,285.0,316.0,287.0,285.0,313.0,292.0,330.0,297.0,333.0,317.0,298.0,319.0,305.0,308.0,307.0,292.0,309.0,295.0,306.0,312.0,307.0,310.0,303.0,273.0,294.0,299.0,299.0,326.0,324.0,271.0,279.0,295.0,293.0,328.0,291.0,305.0,302.0,310.0,282.0,296.0,281.0,280.0,299.0,323.0,302.0,311.0,286.0,279.0,319.0,294.0,299.0,317.0,289.0,272.0,0.0,333.0,289.0,309.0,310.0,293.0,292.0,294.0,309.0,285.0,326.0,314.0,299.0,296.0,300.0,302.0,311.0,303.0,308.0,287.0,304.0,302.0
330.0,325.0,317.0,306.0,334.0,326.0,311.0,309.0,336.0,301.0,311.0,314.0,300.0,338.0,327.0,322.0,315.0,313.0,325.0,329.0,344.0,328.0,313.0,314.0,288.0,319.0,308.0,322.0,310.0,279.0,317.0,312.0,320.0,310.0,327.0,350.0,314.0,295.0,312.0,347.0,320.0,294.0,323.0,315.0,318.0,331.0,328.0,318.0,331.0,310.0,334.0,313.0,319.0,318.0,306.0,306.0,338.0,315.0,306.0,298.0,329.0,305.0,291.0,309.0,342.0,305.0,308.0,310.0,343.0,330.0,301.0,348.0,332.0,325.0,292.0,308.0,338.0,319.0,333.0,0.0,306.0,308.0,351.0,334.0,329.0,325.0,314.0,290.0,309.0,317.0,340.0,307.0,303.0,327.0,320.0,318.0,297.0,338.0,305.0,341.0
282.0,297.0,287.0,310.0,298.0,268.0,293.0,285.0,312.0,295.0,291.0,300.0,294.0,304.0,321.0,306.0,327.0,319.0,307.0,283.0,316.0,304.0,299.0,304.0,302.0,297.0,316.0,278.0,300.0,265.0,281.0,308.0,288.0,302.0,297.0,280.0,320.0,293.0,266.0,299.0,288.0,274.0,283.0,289.0,306.0,317.0,294.0,294.0,301.0,320.0,310.0,331.0,285.0,304.0,276.0,300.0,294.0,301.0,290.0,272.0,309.0,287.0,295.0,297.0,308.0,319.0,298.0,300.0,311.0,306.0,289.0,290.0,308.0,297.0,288.0,308.0,306.0,295.0,289.0,306.0,0.0,312.0,295.0,290.0,287.0,307.0,298.0,288.0,331.0,309.0,320.0,291.0,297.0,303.0,298.0,294.0,307.0,290.0,289.0,315.0
290.0,317.0,327.0,304.0,302.0,308.0,325.0,293.0,314.0,315.0,315.0,298.0,290.0,308.0,303.0,300.0,295.0,295.0,327.0,305.0,304.0,290.0,315.0,296.0,302.0,311.0,306.0,324.0,302.0,299.0,325.0,284.0,314.0,308.0,301.0,276.0,314.0,301.0,298.0,291.0,304.0,276.0,333.0,273.0,300.0,279.0,296.0,272.0,285.0,312.0,326.0,325.0,311.0,298.0,330.0,302.0,292.0,319.0,268.0,282.0,301.0,299.0,297.0,287.0,308.0,297.0,330.0,302.0,323.0,302.0,307.0,336.0,296.0,299.0,290.0,306.0,330.0,305.0,309.0,308.0,312.0,0.0,313.0,298.0,319.0,305.0,304.0,290.0,277.0,303.0,298.0,311.0,323.0,311.0,308.0,296.0,317.0,298.0,289.0,335.0
315.0,332.0,314.0,305.0,315.0,289.0,310.0,318.0,321.0,304.0,290.0,291.0,307.0,337.0,310.0,337.0,292.0,326.0,308.0,302.0,305.0,313.0,326.0,321.0,311.0,320.0,329.0,313.0,295.0,318.0,318.0,321.0,323.0,303.0,298.0,305.0,317.0,308.0,305.0,312.0,281.0,309.0,324.0,310.0,303.0,318.0,319.0,297.0,306.0,343.0,307.0,314.0,320.0,333.0,301.0,323.0,307.0,320.0,299.0,311.0,306.0,318.0,304.0,284.0,317.0,340.0,303.0,331.0,320.0,289.0,320.0,311.0,327.0,304.0,305.0,319.0,335.0,314.0,310.0,351.0,295.0,313.0,0.0,305.0,326.0,324.0,319.0,303.0,314.0,344.0,337.0,322.0,318.0,322.0,307.0,307.0,322.0,289.0,314.0,334.0
320.0,315.0,303.0,310.0,304.0,286.0,305.0,285.0,310.0,319.0,291.0,306.0,308.0,326.0,305.0,302.0,311.0,319.0,309.0,285.0,300.0,310.0,321.0,314.0,292.0,293.0,276.0,316.0,308.0,303.0,309.0,282.0,330.0,312.0,303.0,296.0,314.0,307.0,304.0,327.0,302.0,278.0,303.0,303.0,312.0,287.0,298.0,302.0,293.0,304.0,334.0,313.0,311.0,274.0,306.0,298.0,286.0,295.0,278.0,308.0,301.0,305.0,285.0,293.0,290.0,303.0,318.0,302.0,315.0,286.0,315.0,290.0,310.0,295.0,274.0,302.0,320.0,319.0,293.0,334.0,290.0,298.0,305.0,0.0,335.0,297.0,314.0,300.0,287.0,285.0,300.0,299.0,285.0,281.0,328.0,306.0,303.0,292.0,311.0,325.0
301.0,302.0,286.0,301.0,287.0,299.0,296.0,306.0,313.0,320.0,284.0,291.0,261.0,327.0,312.0,297.0,310.0,310.0,324.0,300.0,319.0,303.0,308.0,303.0,305.0,310.0,307.0,285.0,305.0,312.0,312.0,297.0,323.0,313.0,332.0,307.0,315.0,292.0,311.0,322.0,313.0,303.0,308.0,310.0,313.0,328.0,313.0,309.0,298.0,307.0,317.0,316.0,306.0,301.0,305.0,307.0,311.0,318.0,305.0,299.0,308.0,320.0,300.0,322.0,309.0,306.0,295.0,327.0,336.0,335.0,306.0,315.0,305.0,312.0,297.0,299.0,289.0,300.0,292.0,329.0,287.0,319.0,326.0,335.0,0.0,304.0,307.0,275.0,310.0,306.0,319.0,290.0,316.0,274.0,327.0,315.0,298.0,295.0,306.0,312.0
301.0,334.0,306.0,293.0,293.0,305.0,312.0,316.0,333.0,318.0,304.0,311.0,315.0,341.0,316.0,319.0,312.0,298.0,316.0,310.0,321.0,309.0,322.0,307.0,305.0,316.0,307.0,311.0,311.0,304.0,320.0,307.0,347.0,313.0,286.0,313.0,305.0,320.0,311.0,286.0,323.0,311.0,304.0,296.0,325.0,314.0,297.0,315.0,288.0,295.0,337.0,332.0,308.0,299.0,293.0,313.0,319.0,298.0,309.0,325.0,296.0,298.0,306.0,316.0,305.0,294.0,313.0,325.0,312.0,315.0,300.0,299.0,317.0,298.0,297.0,303.0,333.0,316.0,294.0,325.0,307.0,305.0,324.0,297.0,304.0,0.0,323.0,291.0,304.0,320.0,321.0,306.0,310.0,312.0,317.0,319.0,320.0,305.0,310.0,326.0
276.0,321.0,307.0,286.0,316.0,318.0,317.0,315.0,304.0,325.0,287.0,304.0,316.0,322.0,315.0,322.0,293.0,309.0,327.0,295.0,336.0,294.0,303.0,324.0,296.0,303.0,290.0,316.0,308.0,291.0,299.0,288.0,304.0,304.0,339.0,312.0,292.0,305.0,304.0,323.0,308.0,280.0,299.0,345.0,288.0,325.0,314.0,298.0,315.0,310.0,304.0,317.0,295.0,316.0,304.0,300.0,334.0,321.0,300.0,312.0,293.0,317.0,313.0,311.0,326.0,309.0,314.0,302.0,331.0,324.0,287.0,318.0,302.0,305.0,282.0,304.0,320.0,303.0,309.0,314.0,298.0,304.0,319.0,314.0,307.0,323.0,0.0,296.0,325.0,323.0,324.0,305.0,297.0,307.0,308.0,324.0,313.0,316.0,301.0,347.0
274.0,313.0,287.0,276.0,296.0,288.0,287.0,293.0,288.0,299.0,273.0,286.0,288.0,318.0,289.0,290.0,279.0,297.0,299.0,281.0,302.0,286.0,297.0,298.0,270.0,295.0,284.0,292.0,316.0,287.0,279.0,280.0,330.0,286.0,325.0,296.0,316.0,275.0,296.0,289.0,294.0,298.0,305.0,285.0,320.0,319.0,294.0,282.0,289.0,294.0,292.0,293.0,295.0,290.0,280.0,280.0,310.0,315.0,270.0,270.0,289.0,299.0,283.0,313.0,272.0,303.0,298.0,296.0,303.0,316.0,301.0,298.0,302.0,289.0,298.0,290.0,294.0,273.0,285.0,290.0,288.0,290.0,303.0,300.0,275.0,291.0,296.0,0.0,287.0,293.0,310.0,283.0,293.0,303.0,292.0,302.0,311.0,292.0,283.0,319.0
307.0,318.0,308.0,301.0,309.0,299.0,302.0,298.0,299.0,320.0,302.0,299.0,311.0,297.0,310.0,303.0,276.0,290.0,324.0,298.0,287.0,323.0,284.0,309.0,295.0,296.0,309.0,325.0,291.0,306.0,300.0,277.0,353.0,289.0,322.0,309.0,305.0,298.0,285.0,304.0,309.0,303.0,310.0,296.0,303.0,306.0,313.0,301.0,272.0,307.0,317.0,324.0,320.0,293.0,285.0,289.0,305.0,296.0,287.0,301.0,280.0,304.0,270.0,276.0,321.0,312.0,327.0,311.0,326.0,289.0,316.0,327.0,311.0,310.0,295.0,299.0,305.0,298.0,326.0,309.0,331.0,277.0,314.0,287.0,310.0,304.0,325.0,287.0,0.0,308.0,273.0,314.0,310.0,316.0,293.0,293.0,326.0,315.0,308.0,322.0
295.0,312.0,298.0,303.0,307.0,301.0,304.0,298.0,299.0,322.0,290.0,297.0,319.0,311.0,318.0,311.0,316.0,304.0,320.0,302.0,291.0,319.0,306.0,307.0,279.0,292.0,321.0,323.0,319.0,324.0,320.0,307.0,317.0,317.0,328.0,309.0,301.0,310.0,299.0,340.0,319.0,285.0,314.0,306.0,313.0,314.0,305.0,277.0,300.0,303.0,333.0,318.0,288.0,293.0,285.0,313.0,297.0,306.0,291.0,285.0,320.0,320.0,290.0,320.0,293.0,312.0,307.0,303.0,312.0,305.0,304.0,293.0,323.0,280.0,311.0,289.0,331.0,314.0,314.0,317.0,309.0,303.0,344.0,285.0,306.0,320.0,323.0,293.0,308.0,0.0,313.0,312.0,318.0,298.0,307.0,309.0,298.0,315.0,304.0,324.0
302.0,335.0,319.0,302.0,302.0,316.0,317.0,319.0,324.0,341.0,299.0,316.0,306.0,296.0,305.0,306.0,301.0,309.0,307.0,287.0,332.0,298.0,303.0,320.0,306.0,315.0,290.0,312.0,312.0,317.0,311.0,292.0,322.0,306.0,305.0,334.0,318.0,329.0,312.0,311.0,312.0,294.0,337.0,305.0,324.0,317.0,320.0,314.0,307.0,322.0,316.0,303.0,325.0,306.0,296.0,306.0,302.0,301.0,286.0,316.0,311.0,289.0,291.0,319.0,306.0,321.0,336.0,310.0,323.0,330.0,287.0,314.0,310.0,317.0,308.0,310.0,312.0,323.0,299.0,340.0,320.0,298.0,337.0,300.0,319.0,321.0,324.0,310.0,273.0,313.0,0.0,319.0,331.0,307.0,304.0,312.0,325.0,332.0,313.0,335.0
299.0,310.0,302.0,297.0,295.0,301.0,296.0,290.0,309.0,338.0,290.0,283.0,291.0,301.0,306.0,315.0,304.0,292.0,328.0,294.0,315.0,305.0,328.0,275.0,289.0,294.0,301.0,301.0,307.0,278.0,314.0,299.0,317.0,307.0,318.0,289.0,313.0,286.0,307.0,312.0,301.0,303.0,302.0,326.0,307.0,324.0,289.0,301.0,316.0,327.0,303.0,322.0,296.0,287.0,275.0,307.0,311.0,322.0,281.0,299.0,294.0,304.0,304.0,288.0,301.0,306.0,307.0,313.0,304.0,299.0,304.0,299.0,301.0,292.0,315.0,297.0,309.0,308.0,296.0,307.0,291.0,311.0,322.0,299.0,290.0,306.0,305.0,283.0,314.0,312.0,319.0,0.0,290.0,296.0,289.0,321.0,280.0,323.0,292.0,320.0
323.0,334.0,314.0,311.0,309.0,291.0,314.0,296.0,307.0,320.0,310.0,307.0,313.0,311.0,314.0,307.0,296.0,278.0,314.0,320.0,299.0,305.0,296.0,299.0,297.0,332.0,313.0,333.0,325.0,300.0,296.0,277.0,313.0,311.0,322.0,327.0,297.0,302.0,313.0,300.0,299.0,315.0,310.0,316.0,291.0,324.0,305.0,307.0,308.0,295.0,329.0,304.0,296.0,319.0,289.0,307.0,307.0,326.0,311.0,309.0,312.0,292.0,278.0,298.0,297.0,326.0,297.0,317.0,318.0,303.0,310.0,293.0,317.0,332.0,303.0,287.0,293.0,312.0,300.0,303.0,297.0,323.0,318.0,285.0,316.0,310.0,297.0,293.0,310.0,318.0,331.0,290.0,0.0,320.0,311.0,341.0,328.0,319.0,320.0,300.0
299.0,320.0,284.0,313.0,305.0,287.0,318.0,292.0,307.0,308.0,292.0,315.0,311.0,319.0,308.0,287.0,302.0,298.0,308.0,294.0,321.0,301.0,304.0,315.0,299.0,326.0,291.0,279.0,323.0,298.0,328.0,275.0,307.0,299.0,302.0,315.0,315.0,286.0,313.0,312.0,277.0,281.0,272.0,318.0,321.0,334.0,311.0,299.0,288.0,331.0,301.0,312.0,300.0,293.0,303.0,315.0,303.0,318.0,287.0,313.0,306.0,308.0,298.0,312.0,321.0,320.0,305.0,303.0,324.0,311.0,312.0,325.0,311.0,308.0,295.0,321.0,311.0,310.0,302.0,327.0,303.0,311.0,322.0,281.0,274.0,312.0,307.0,303.0,316.0,298.0,307.0,296.0,320.0,0.0,317.0,315.0,316.0,317.0,292.0,318.0
312.0,311.0,301.0,288.0,318.0,310.0,307.0,295.0,330.0,321.0,291.0,284.0,310.0,338.0,329.0,322.0,311.0,323.0,333.0,289.0,316.0,334.0,319.0,296.0,280.0,309.0,314.0,302.0,322.0,291.0,303.0,314.0,336.0,294.0,315.0,306.0,334.0,305.0,322.0,319.0,302.0,280.0,331.0,317.0,312.0,311.0,314.0,312.0,307.0,316.0,334.0,333.0,313.0,314.0,284.0,308.0,338.0,303.0,290.0,306.0,289.0,315.0,281.0,305.0,288.0,313.0,304.0,308.0,329.0,298.0,303.0,304.0,308.0,315.0,334.0,330.0,328.0,291.0,311.0,320.0,298.0,308.0,307.0,328.0,327.0,317.0,308.0,292.0,293.0,307.0,304.0,289.0,311.0,317.0,0.0,310.0,311.0,304.0,289.0,329.0
318.0,303.0,299.0,296.0,324.0,312.0,301.0,301.0,326.0,295.0,305.0,306.0,314.0,310.0,325.0,324.0,295.0,325.0,303.0,327.0,318.0,316.0,297.0,332.0,316.0,299.0,326.0,276.0,304.0,327.0,327.0,290.0,322.0,306.0,281.0,304.0,324.0,321.0,286.0,317.0,318.0,308.0,313.0,291.0,318.0,313.0,300.0,298.0,299.0,322.0,312.0,327.0,311.0,324.0,290.0,304.0,304.0,319.0,318.0,304.0,285.0,283.0,297.0,305.0,302.0,287.0,312.0,318.0,305.0,292.0,333.0,314.0,352.0,319.0,306.0,296.0,322.0,307.0,303.0,318.0,294.0,296.0,307.0,306.0,315.0,319.0,324.0,302.0,293.0,309.0,312.0,321.0,341.0,315.0,310.0,0.0,309.0,310.0,347.0,333.0
321.0,324.0,316.0,329.0,315.0,299.0,302.0,286.0,337.0,300.0,312.0,323.0,297.0,323.0,306.0,313.0,304.0,314.0,346.0,314.0,343.0,319.0,332.0,297.0,319.0,296.0,313.0,271.0,297.0,306.0,332.0,299.0,307.0,313.0,298.0,293.0,317.0,296.0,307.0,334.0,313.0,285.0,308.0,310.0,339.0,320.0,289.0,325.0,336.0,323.0,349.0,336.0,312.0,321.0,297.0,299.0,303.0,316.0,301.0,279.0,318.0,312.0,304.0,324.0,313.0,326.0,305.0,293.0,310.0,309.0,318.0,301.0,297.0,306.0,305.0,307.0,341.0,310.0,308.0,297.0,307.0,317.0,322.0,303.0,298.0,320.0,313.0,311.0,326.0,298.0,325.0,280.0,328.0,316.0,311.0,309.0,0.0,319.0,326.0,340.0
322.0,311.0,301.0,304.0,290.0,304.0,293.0,289.0,296.0,309.0,297.0,284.0,284.0,320.0,299.0,324.0,299.0,325.0,321.0,291.0,316.0,300.0,309.0,302.0,280.0,323.0,288.0,282.0,306.0,311.0,297.0,310.0,326.0,302.0,315.0,292.0,298.0,295.0,306.0,315.0,308.0,286.0,301.0,305.0,306.0,315.0,316.0,332.0,295.0,320.0,326.0,315.0,315.0,292.0,308.0,314.0,308.0,311.0,290.0,316.0,313.0,319.0,289.0,279.0,280.0,317.0,302.0,304.0,303.0,290.0,287.0,302.0,320.0,311.0,286.0,320.0,316.0,297.0,287.0,338.0,290.0,298.0,289.0,292.0,295.0,305.0,316.0,292.0,315.0,315.0,332.0,323.0,319.0,317.0,304.0,310.0,319.0,0.0,293.0,323.0
305.0,306.0,306.0,305.0,313.0,301.0,312.0,312.0,315.0,336.0,280.0,311.0,299.0,305.0,322.0,283.0,290.0,326.0,320.0,288.0,311.0,315.0,300.0,313.0,301.0,320.0,319.0,303.0,315.0,300.0,320.0,301.0,321.0,331.0,314.0,311.0,325.0,292.0,315.0,328.0,297.0,261.0,302.0,306.0,311.0,324.0,293.0,295.0,296.0,319.0,295.0,316.0,292.0,301.0,293.0,301.0,301.0,290.0,291.0,313.0,286.0,314.0,296.0,292.0,299.0,328.0,301.0,313.0,322.0,305.0,300.0,309.0,319.0,302.0,315.0,295.0,317.0,308.0,304.0,305.0,289.0,289.0,314.0,311.0,306.0,310.0,301.0,283.0,308.0,304.0,313.0,292.0,320.0,292.0,289.0,347.0,326.0,293.0,0.0,296.0
307.0,328.0,318.0,319.0,315.0,301.0,312.0,314.0,295.0,350.0,314.0,321.0,319.0,321.0,316.0,323.0,310.0,326.0,322.0,310.0,327.0,313.0,314.0,313.0,297.0,334.0,345.0,307.0,313.0,324.0,328.0,307.0,347.0,317.0,318.0,317.0,343.0,322.0,337.0,296.0,305.0,323.0,322.0,306.0,335.0,326.0,321.0,309.0,322.0,317.0,337.0,320.0,308.0,341.0,295.0,319.0,311.0,320.0,309.0,323.0,322.0,316.0,320.0,330.0,311.0,324.0,309.0,311.0,332.0,299.0,312.0,313.0,327.0,302.0,323.0,329.0,317.0,332.0,302.0,341.0,315.0,335.0,334.0,325.0,312.0,326.0,347.0,319.0,322.0,324.0,335.0,320.0,300.0,318.0,329.0,333.0,340.0,323.0,296.0,0.0
